timestamp,activeBucketColumn,imuqx,imuqy,imuqz,imuqw,liftValue,activation
2.474648,2,-0.748,-0.078,-0.373,0.542,49744,NONE
2.517324,2,-0.748,-0.075,-0.371,0.543,57693,NONE
2.559977,2,-0.749,-0.072,-0.367,0.545,42982,NONE
2.602653,2,-0.751,-0.072,-0.364,0.545,38149,HOLD
2.645329,2,-0.752,-0.072,-0.363,0.544,18445,HOLD
2.687982,2,-0.753,-0.075,-0.362,0.543,32871,HOLD
2.730658,2,-0.752,-0.07,-0.36,0.543,6024,NONE
2.773311,2,-0.752,-0.073,-0.362,0.544,9635,NONE
2.794648,2,-0.751,-0.074,-0.366,0.543,26170,NONE
2.837324,2,-0.749,-0.074,-0.371,0.543,2162,NONE
2.879977,2,-0.748,-0.075,-0.376,0.541,9745,NONE
2.922653,2,-0.747,-0.075,-0.377,0.541,434,NONE
3.647982,2,-0.741,-0.08,-0.367,0.555,62407,NONE
3.690658,2,-0.744,-0.053,-0.346,0.567,10300,NONE
3.733311,2,-0.747,-0.027,-0.326,0.578,258207,START
3.797324,2,-0.749,-0.001,-0.305,0.587,15973,HOLD
3.818662,2,-0.75,-0.001,-0.303,0.586,509,END
3.861315,2,-0.748,-0.006,-0.308,0.587,18432,NONE
3.903991,2,-0.748,-0.026,-0.325,0.563,13243,NONE
3.946644,2,-0.749,-0.024,-0.327,0.574,13840,NONE
3.967982,2,-0.749,-0.013,-0.321,0.578,6581,NONE
4.031995,2,-0.749,-0.011,-0.322,0.577,7547,NONE
4.053311,2,-0.75,-0.02,-0.331,0.572,3036,NONE
4.095986,2,-0.75,-0.036,-0.342,0.563,10168,NONE
4.842653,2,-0.75,-0.058,-0.347,0.558,106192,NONE
4.863991,2,-0.75,-0.058,-0.346,0.559,83792,NONE
4.927982,2,-0.752,-0.056,-0.342,0.559,92980,NONE
4.970658,2,-0.753,-0.058,-0.341,0.558,10820,NONE
5.01331,2,-0.754,-0.071,-0.352,0.548,591,NONE
5.034648,2,-0.752,-0.078,-0.353,0.549,2637,NONE
5.077324,2,-0.751,-0.074,-0.351,0.553,15070,NONE
5.119977,2,-0.751,-0.069,-0.351,0.554,10458,NONE
5.183991,2,-0.751,-0.061,-0.349,0.556,19091,NONE
5.951995,2,-0.751,-0.05,-0.339,0.563,28280,NONE
5.97331,2,-0.751,-0.05,-0.338,0.563,208585,START
6.015986,2,-0.752,-0.049,-0.337,0.563,208750,HOLD
6.058662,2,-0.753,-0.049,-0.335,0.562,66130,HOLD
6.101315,2,-0.756,-0.054,-0.336,0.559,30180,HOLD
6.143991,2,-0.756,-0.063,-0.339,0.555,18461,END
6.165329,2,-0.756,-0.065,-0.345,0.551,6519,NONE
6.207982,2,-0.752,-0.064,-0.343,0.558,6839,NONE
6.250658,2,-0.752,-0.066,-0.347,0.555,495,NONE
6.293311,2,-0.751,-0.057,-0.343,0.56,123,NONE
6.314649,2,-0.751,-0.052,-0.341,0.562,1665,NONE
6.357324,2,-0.751,-0.052,-0.343,0.561,5848,NONE
6.399977,2,-0.751,-0.053,-0.342,0.561,18165,NONE
7.167982,1,-0.754,-0.114,-0.377,0.524,72386,NONE
7.210658,1,-0.755,-0.117,-0.378,0.522,40401,NONE
7.253311,1,-0.755,-0.126,-0.382,0.517,48367,NONE
7.295986,1,-0.755,-0.129,-0.384,0.514,8826,NONE
7.338662,1,-0.754,-0.135,-0.388,0.51,7616,NONE
7.381315,1,-0.754,-0.125,-0.38,0.519,4780,NONE
7.423991,1,-0.754,-0.124,-0.38,0.519,14123,NONE
7.445329,1,-0.754,-0.116,-0.376,0.523,2653,NONE
7.487982,1,-0.754,-0.107,-0.373,0.527,23521,NONE
7.679977,2,-0.756,-0.068,-0.352,0.546,31619,NONE
7.722653,2,-0.757,-0.053,-0.328,0.551,2849,NONE
7.765329,2,-0.759,-0.042,-0.333,0.555,119922,NONE
7.807982,2,-0.759,-0.041,-0.332,0.557,110500,HOLD
7.850657,2,-0.763,-0.04,-0.325,0.556,55728,HOLD
7.893311,2,-0.781,-0.051,-0.329,0.551,8373,HOLD
7.935987,2,-0.764,-0.048,-0.332,0.549,13265,NONE
7.978662,2,-0.76,-0.048,-0.328,0.557,8418,NONE
8.021316,2,-0.761,-0.052,-0.333,0.553,46948,NONE
8.063991,2,-0.759,-0.038,-0.327,0.56,24080,NONE
8.106644,2,-0.759,-0.028,-0.323,0.563,6152,NONE
8.14932,2,-0.759,0.003,-0.304,0.571,3480,NONE
8.277325,3,-0.756,0.043,-0.28,0.589,279322,NONE
8.319978,3,-0.756,0.04,-0.282,0.588,99459,HOLD
8.362653,3,-0.758,0.032,-0.284,0.585,43523,HOLD
8.383991,3,-0.761,0.025,-0.284,0.581,3345,HOLD
8.426644,3,-0.763,0.016,-0.288,0.577,6309,END
8.469319,3,-0.764,0.017,-0.289,0.575,39992,NONE
8.533311,3,-0.76,0.019,-0.282,0.584,34740,NONE
8.554648,3,-0.761,0.015,-0.287,0.581,56977,NONE
8.597324,3,-0.759,0.024,-0.284,0.584,12029,NONE
8.639977,3,-0.758,0.026,-0.285,0.584,860,NONE
8.703991,3,-0.758,0.025,-0.288,0.584,6868,NONE
9.450658,3,-0.756,0.011,-0.294,0.583,10570,HOLD
9.493311,3,-0.757,0.011,-0.293,0.583,75110,HOLD
9.535986,3,-0.762,0.002,-0.293,0.576,29217,HOLD
9.578662,3,-0.766,-0.005,-0.295,0.57,10805,HOLD
9.621315,3,-0.763,0.004,-0.29,0.574,15678,END
9.663991,3,-0.76,0.008,-0.284,0.583,1720,NONE
9.685328,3,-0.761,-0.003,-0.295,0.576,14660,NONE
9.727982,3,-0.759,0.004,-0.295,0.579,9121,NONE
9.770658,3,-0.758,0.003,-0.299,0.579,6490,NONE
9.813311,3,-0.758,-0.011,-0.314,0.571,29862,NONE
9.855987,3,-0.758,-0.011,-0.315,0.569,5214,NONE
9.983991,2,-0.762,-0.034,-0.328,0.557,679,NONE
10.00533,2,-0.764,-0.031,-0.322,0.557,14085,NONE
10.04798,2,-0.766,-0.031,-0.319,0.555,14315,HOLD
10.09066,2,-0.769,-0.033,-0.316,0.553,2967,HOLD
10.13331,2,-0.772,-0.046,-0.32,0.546,6277,HOLD
10.17599,2,-0.774,-0.049,-0.324,0.54,33774,HOLD
10.23998,2,-0.771,-0.043,-0.317,0.549,6834,NONE
10.28265,2,-0.771,-0.05,-0.324,0.544,8906,NONE
10.32533,2,-0.771,-0.043,-0.325,0.544,3480,NONE
10.36798,2,-0.771,-0.056,-0.337,0.535,9115,NONE
10.41066,2,-0.771,-0.077,-0.351,0.525,1407,NONE
10.51732,1,-0.769,-0.137,-0.387,0.488,23640,NONE
10.55998,1,-0.767,-0.156,-0.396,0.477,155895,NONE
10.60265,1,-0.771,-0.149,-0.39,0.478,407220,START
10.64533,1,-0.773,-0.142,-0.387,0.48,53917,HOLD
10.68798,1,-0.779,-0.125,-0.367,0.491,10037,HOLD
10.73066,1,-0.779,-0.12,-0.368,0.49,45235,HOLD
10.77331,1,-0.777,-0.117,-0.366,0.492,24391,HOLD
10.81599,1,-0.777,-0.113,-0.362,0.5,17973,NONE
10.85866,1,-0.776,-0.111,-0.364,0.501,11561,NONE
10.90131,1,-0.775,-0.106,-0.364,0.505,24042,NONE
10.92265,1,-0.775,-0.103,-0.363,0.505,336,NONE
11.69066,1,-0.768,-0.125,-0.378,0.499,4471,NONE
11.73331,1,-0.769,-0.124,-0.377,0.499,41478,NONE
11.75465,1,-0.769,-0.123,-0.377,0.5,146228,NONE
11.79732,1,-0.77,-0.123,-0.375,0.5,56975,NONE
11.83998,1,-0.772,-0.121,-0.371,0.5,104598,HOLD
11.88265,1,-0.772,-0.123,-0.37,0.5,8863,HOLD
11.90399,1,-0.773,-0.122,-0.373,0.497,64263,HOLD
11.94664,1,-0.771,-0.114,-0.373,0.5,934,HOLD
11.98932,1,-0.772,-0.111,-0.365,0.507,2597,END
12.032,1,-0.771,-0.113,-0.366,0.506,10934,NONE
12.05331,1,-0.77,-0.105,-0.364,0.511,5824,NONE
12.09599,1,-0.772,-0.088,-0.359,0.515,16977,NONE
12.13866,1,-0.773,-0.079,-0.351,0.521,4543,NONE
12.26664,2,-0.775,-0.049,-0.332,0.534,76654,NONE
12.30932,2,-0.776,-0.048,-0.329,0.534,18418,NONE
12.352,2,-0.778,-0.048,-0.326,0.534,29035,HOLD
12.39465,2,-0.78,-0.057,-0.327,0.53,18349,HOLD
12.43732,2,-0.779,-0.063,-0.334,0.527,21124,HOLD
12.47998,2,-0.777,-0.058,-0.328,0.529,11408,END
12.52265,2,-0.776,-0.056,-0.327,0.534,6730,NONE
12.54399,2,-0.775,-0.06,-0.332,0.533,8972,NONE
12.58664,2,-0.774,-0.048,-0.328,0.538,1758,NONE
12.62932,2,-0.774,-0.043,-0.326,0.539,11989,NONE
12.672,2,-0.774,-0.031,-0.319,0.545,60250,NONE
12.84265,3,-0.775,0.003,-0.295,0.558,32559,NONE
12.86399,3,-0.775,0.005,-0.292,0.559,53478,NONE
12.90664,3,-0.775,0.009,-0.29,0.56,47526,NONE
12.94932,3,-0.775,0.014,-0.284,0.562,387907,START
12.992,3,-0.775,0.015,-0.281,0.564,9749,HOLD
13.03465,3,-0.777,-0.002,-0.291,0.558,6855,HOLD
13.07732,3,-0.773,-0.003,-0.294,0.56,3553,END
13.11998,3,-0.772,0,-0.292,0.565,1211,NONE
13.18399,3,-0.77,0.01,-0.29,0.566,3084,NONE
13.20533,3,-0.77,0.013,-0.289,0.568,4165,NONE
13.24798,3,-0.77,0.013,-0.291,0.567,8793,NONE
13.99465,3,-0.767,0.025,-0.281,0.574,47763,NONE
14.03732,3,-0.767,0.026,-0.281,0.575,230526,START
14.07998,3,-0.767,0.027,-0.279,0.575,300036,HOLD
14.12265,3,-0.77,0.022,-0.278,0.573,26381,HOLD
14.14399,3,-0.771,0.012,-0.283,0.569,6543,HOLD
14.18664,3,-0.771,0.008,-0.289,0.566,10271,END
14.22932,3,-0.772,0.002,-0.29,0.566,6048,NONE
14.272,3,-0.769,0.002,-0.291,0.568,1252,NONE
14.31465,3,-0.769,0.006,-0.291,0.567,6296,NONE
14.35732,3,-0.768,-0.002,-0.299,0.565,1992,NONE
14.37866,3,-0.768,-0.02,-0.317,0.557,9827,NONE
14.42132,3,-0.767,-0.037,-0.331,0.549,6194,NONE
14.61331,2,-0.77,-0.043,-0.332,0.542,216388,START
14.65599,2,-0.772,-0.04,-0.327,0.542,106998,HOLD
14.71998,2,-0.774,-0.043,-0.325,0.541,10517,HOLD
14.76265,2,-0.774,-0.05,-0.327,0.538,11713,HOLD
14.78399,2,-0.774,-0.053,-0.33,0.538,7140,NONE
14.82664,2,-0.771,-0.057,-0.333,0.539,495,NONE
14.86932,2,-0.771,-0.058,-0.336,0.537,10644,NONE
14.912,2,-0.769,-0.068,-0.347,0.531,8666,NONE
14.95465,2,-0.767,-0.098,-0.369,0.514,12589,NONE
14.99732,2,-0.765,-0.116,-0.383,0.504,66937,NONE
15.12533,1,-0.767,-0.12,-0.381,0.5,7710,NONE
15.16798,1,-0.769,-0.116,-0.377,0.501,7870,NONE
15.21066,1,-0.77,-0.111,-0.373,0.504,108306,NONE
15.25331,1,-0.771,-0.109,-0.369,0.505,239442,START
15.27465,1,-0.774,-0.104,-0.362,0.508,156229,HOLD
15.33866,1,-0.774,-0.105,-0.364,0.505,26104,HOLD
15.38132,1,-0.773,-0.104,-0.36,0.511,6879,END
15.42399,1,-0.772,-0.105,-0.362,0.51,11566,NONE
15.46664,1,-0.771,-0.1,-0.362,0.512,1643,NONE
15.48798,1,-0.771,-0.097,-0.362,0.513,6769,NONE
15.53066,1,-0.771,-0.097,-0.365,0.512,10312,NONE
15.57331,1,-0.77,-0.097,-0.365,0.512,5758,NONE
16.25599,1,-0.766,-0.12,-0.381,0.502,21073,NONE
16.29866,1,-0.766,-0.12,-0.38,0.502,2506,NONE
16.34131,1,-0.767,-0.118,-0.379,0.503,48228,NONE
16.38399,1,-0.768,-0.116,-0.375,0.504,133669,NONE
16.42664,1,-0.77,-0.113,-0.372,0.504,66625,HOLD
16.44798,1,-0.772,-0.109,-0.366,0.505,11579,HOLD
16.49066,1,-0.774,-0.107,-0.366,0.503,139,HOLD
16.53331,1,-0.773,-0.099,-0.359,0.509,1379,END
16.57599,1,-0.773,-0.098,-0.359,0.513,13662,NONE
16.61866,1,-0.772,-0.093,-0.359,0.514,17510,NONE
16.66132,1,-0.772,-0.08,-0.354,0.52,18077,NONE
16.70399,1,-0.773,-0.064,-0.346,0.525,4692,NONE
16.87465,2,-0.775,-0.022,-0.317,0.544,2565,NONE
16.91732,2,-0.776,-0.021,-0.316,0.544,195097,HOLD
16.95998,2,-0.778,-0.022,-0.312,0.544,26836,HOLD
17.00265,2,-0.778,-0.03,-0.313,0.542,7936,HOLD
17.02399,2,-0.778,-0.033,-0.318,0.54,14338,NONE
17.06664,2,-0.775,-0.032,-0.316,0.541,12788,NONE
17.10932,2,-0.774,-0.035,-0.319,0.543,3637,NONE
17.15199,2,-0.774,-0.029,-0.317,0.561,8096,NONE
17.19465,2,-0.773,-0.023,-0.315,0.548,6722,NONE
17.23732,2,-0.773,-0.01,-0.308,0.552,8149,NONE
17.27998,2,-0.773,-0.003,-0.304,0.555,20133,NONE
17.40798,3,-0.773,0.014,-0.293,0.562,121368,HOLD
17.45066,3,-0.773,0.016,-0.289,0.563,84425,HOLD
17.49331,3,-0.774,0.008,-0.293,0.56,8524,HOLD
17.53599,3,-0.775,0,-0.297,0.557,5553,HOLD
17.57866,3,-0.773,-0.005,-0.3,0.557,9771,NONE
17.62132,3,-0.772,0,-0.298,0.561,10200,NONE
17.66399,3,-0.772,-0.002,-0.299,0.56,17284,NONE
17.68533,3,-0.77,0.008,-0.295,0.564,6395,NONE
17.72798,3,-0.77,0.012,-0.295,0.565,25888,NONE
17.77066,3,-0.77,0.017,-0.292,0.566,4472,NONE
17.94131,3,-0.768,0.021,-0.292,0.568,30961,NONE
17.96265,3,-0.769,0.021,-0.291,0.568,191128,NONE
18.00533,3,-0.769,0.023,-0.287,0.569,225258,START
18.04798,3,-0.769,0.023,-0.287,0.569,35390,HOLD
18.09066,3,-0.77,0.015,-0.291,0.566,7180,HOLD
18.112,3,-0.769,0.015,-0.291,0.567,26072,NONE
18.15465,3,-0.767,0.014,-0.291,0.571,31816,NONE
18.19732,3,-0.767,0.01,-0.294,0.568,6147,NONE
18.26131,3,-0.767,0.012,-0.295,0.569,10639,NONE
18.30399,3,-0.767,0.01,-0.296,0.568,11571,NONE
18.32533,3,-0.768,0.002,-0.303,0.562,22282,NONE
18.36798,3,-0.769,-0.023,-0.323,0.549,2397,NONE
18.53866,2,-0.768,-0.075,-0.373,0.524,3888,NONE
18.58132,2,-0.768,-0.078,-0.361,0.521,82503,NONE
18.62399,2,-0.769,-0.075,-0.358,0.522,11260,NONE
18.64533,2,-0.771,-0.072,-0.354,0.524,26649,NONE
18.68798,2,-0.771,-0.074,-0.353,0.524,14275,NONE
18.73066,2,-0.771,-0.076,-0.354,0.523,392,NONE
18.77331,2,-0.769,-0.081,-0.357,0.522,4386,NONE
18.79465,2,-0.77,-0.081,-0.355,0.523,17646,NONE
18.83732,2,-0.769,-0.081,-0.355,0.523,17148,NONE
18.87998,2,-0.768,-0.082,-0.357,0.523,8463,NONE
19.11465,1,-0.75,-0.089,-0.37,0.518,27803,NONE
19.15732,1,-0.765,-0.095,-0.373,0.514,61033,NONE
19.19998,1,-0.765,-0.096,-0.373,0.513,47187,HOLD
19.24265,1,-0.767,-0.097,-0.372,0.513,4024,HOLD
19.26399,1,-0.767,-0.112,-0.381,0.504,770,NONE
19.30664,1,-0.765,-0.122,-0.385,0.5,3422,NONE
19.34932,1,-0.764,-0.122,-0.384,0.502,1398,NONE
19.392,1,-0.764,-0.121,-0.385,0.502,17576,NONE
19.43465,1,-0.762,-0.12,-0.386,0.503,6584,NONE
19.47732,1,-0.762,-0.121,-0.388,0.503,5689,NONE
19.51998,1,-0.762,-0.122,-0.389,0.502,8777,NONE
19.56265,1,-0.761,-0.123,-0.391,0.501,1052,NONE
19.66932,1,-0.761,-0.121,-0.392,0.5,35888,NONE
19.712,1,-0.762,-0.119,-0.391,0.501,98095,NONE
19.73331,1,-0.763,-0.116,-0.389,0.501,153642,NONE
19.79733,1,-0.765,-0.115,-0.385,0.502,4766,HOLD
19.83998,1,-0.766,-0.114,-0.382,0.501,2396,HOLD
19.88265,1,-0.767,-0.114,-0.382,0.501,3558,NONE
19.90399,1,-0.765,-0.123,-0.389,0.497,15777,NONE
19.94664,1,-0.764,-0.122,-0.388,0.499,6631,NONE
20.01066,1,-0.763,-0.122,-0.387,0.501,19055,NONE
20.05331,1,-0.762,-0.12,-0.386,0.503,15161,NONE
20.07465,1,-0.763,-0.112,-0.382,0.508,33533,NONE
20.11732,1,-0.765,-0.095,-0.372,0.516,5073,NONE
20.26664,2,-0.767,-0.059,-0.35,0.533,45475,NONE
20.30932,2,-0.768,-0.058,-0.349,0.533,7672,NONE
20.352,2,-0.769,-0.056,-0.346,0.533,366722,START
20.39465,2,-0.77,-0.057,-0.345,0.532,126644,HOLD
20.41599,2,-0.771,-0.06,-0.346,0.53,22259,HOLD
20.45866,2,-0.77,-0.057,-0.347,0.53,2504,END
20.50132,2,-0.768,-0.058,-0.347,0.533,1353,NONE
20.54399,2,-0.766,-0.057,-0.35,0.535,54922,NONE
20.56533,2,-0.765,-0.05,-0.348,0.537,18299,NONE
20.60798,2,-0.765,-0.04,-0.344,0.542,1726,NONE
20.65066,2,-0.765,-0.03,-0.338,0.546,15398,NONE
20.69331,2,-0.765,-0.008,-0.323,0.553,1268,NONE
20.86399,3,-0.767,0.032,-0.289,0.571,18993,HOLD
20.90664,3,-0.768,0.033,-0.285,0.571,69167,HOLD
20.94932,3,-0.771,0.026,-0.286,0.567,1787,HOLD
20.99199,3,-0.773,0.015,-0.291,0.564,3811,HOLD
21.03465,3,-0.771,0.017,-0.291,0.564,3129,NONE
21.07732,3,-0.769,0.016,-0.29,0.568,605,NONE
21.11998,3,-0.77,0.005,-0.297,0.563,10090,NONE
21.16265,3,-0.769,0.004,-0.3,0.562,1891,NONE
21.18399,3,-0.77,-0.004,-0.307,0.559,5747,NONE
21.22664,3,-0.77,-0.022,-0.32,0.553,7862,NONE
21.37599,2,-0.766,-0.087,-0.362,0.522,34306,NONE
21.41866,2,-0.767,-0.086,-0.361,0.522,4671,NONE
21.46132,2,-0.767,-0.085,-0.36,0.521,783,NONE
21.50399,2,-0.769,-0.085,-0.358,0.522,50540,HOLD
21.52533,2,-0.77,-0.084,-0.357,0.521,16919,HOLD
21.56798,2,-0.77,-0.088,-0.359,0.519,13475,HOLD
21.61066,2,-0.771,-0.091,-0.364,0.514,1234,END
21.65331,2,-0.768,-0.09,-0.361,0.519,1595,NONE
21.67465,2,-0.767,-0.092,-0.362,0.519,0,NONE
21.71733,2,-0.766,-0.091,-0.366,0.519,20426,NONE
21.78131,2,-0.766,-0.091,-0.367,0.518,23374,NONE
21.80265,2,-0.766,-0.096,-0.37,0.515,37203,NONE
21.84533,2,-0.767,-0.102,-0.376,0.507,7712,NONE
21.88798,2,-0.769,-0.107,-0.38,0.5,10998,NONE
21.97331,2,-0.78,-0.104,-0.383,0.482,39038,NONE
21.99465,2,-0.791,-0.065,-0.371,0.478,32745,NONE
22.03732,2,-0.801,-0.015,-0.353,0.481,3297,NONE
22.07998,2,-0.805,0.068,-0.321,0.491,125096,NONE
22.12265,2,-0.805,0.103,-0.318,0.492,347721,START
22.16533,2,-0.803,0.14,-0.326,0.482,107877,HOLD
22.20798,2,-0.797,0.175,-0.354,0.459,9835,HOLD
22.25066,2,-0.796,0.179,-0.373,0.446,11896,END
22.29331,2,-0.794,0.174,-0.403,0.418,9611,NONE
22.54932,2,-0.761,0.162,-0.533,0.331,25068,NONE
22.57066,2,-0.757,0.164,-0.536,0.332,71347,NONE
22.61331,2,-0.754,0.166,-0.538,0.334,67608,HOLD
22.65599,2,-0.749,0.176,-0.536,0.343,66841,HOLD
22.69866,2,-0.747,0.177,-0.537,0.347,4211,HOLD
22.74132,2,-0.746,0.175,-0.541,0.346,2578,HOLD
22.78399,2,-0.745,0.164,-0.552,0.333,4868,NONE
22.80533,2,-0.741,0.154,-0.566,0.328,8879,NONE
22.84798,2,-0.739,0.146,-0.574,0.318,11140,NONE
22.89066,2,-0.737,0.143,-0.583,0.312,6261,NONE
22.93331,2,-0.732,0.136,-0.593,0.304,5124,NONE
22.95465,2,-0.729,0.125,-0.604,0.296,5009,NONE
23.08265,1,-0.722,0.11,-0.619,0.285,22569,NONE
23.12533,1,-0.722,0.107,-0.621,0.283,71683,HOLD
23.18932,1,-0.722,0.106,-0.621,0.281,7273,HOLD
23.23199,1,-0.722,0.114,-0.618,0.288,74216,HOLD
23.25331,1,-0.723,0.113,-0.616,0.287,17430,HOLD
23.29599,1,-0.724,0.112,-0.617,0.284,3233,NONE
23.33866,1,-0.724,0.112,-0.616,0.286,5526,NONE
23.38132,1,-0.722,0.112,-0.616,0.29,4722,NONE
23.40265,1,-0.721,0.11,-0.619,0.29,26032,NONE
23.44533,1,-0.719,0.105,-0.623,0.288,10048,NONE
23.48798,1,-0.716,0.097,-0.629,0.282,25438,NONE
23.53066,1,-0.716,0.093,-0.631,0.282,2892,NONE
23.70131,1,-0.718,0.067,-0.635,0.275,3313,NONE
23.74399,1,-0.719,0.062,-0.634,0.276,14956,NONE
23.76533,1,-0.718,0.062,-0.634,0.278,19930,NONE
23.80798,1,-0.718,0.064,-0.632,0.28,97994,HOLD
23.85066,1,-0.72,0.071,-0.628,0.284,34087,HOLD
23.89331,1,-0.721,0.073,-0.625,0.286,543,END
23.93599,1,-0.72,0.069,-0.628,0.284,7001,NONE
23.97866,1,-0.722,0.058,-0.628,0.282,25657,NONE
24.02131,1,-0.72,0.054,-0.632,0.278,7438,NONE
24.06399,1,-0.72,0.043,-0.637,0.271,8975,NONE
24.08533,1,-0.72,0.036,-0.64,0.264,362,NONE
24.12798,1,-0.721,0.026,-0.644,0.252,9968,NONE
25.38664,1,-0.717,0.038,-0.641,0.268,17529,NONE
25.42932,1,-0.717,0.041,-0.638,0.273,238802,START
25.472,1,-0.717,0.043,-0.637,0.275,57025,HOLD
25.49331,1,-0.717,0.047,-0.634,0.282,31288,HOLD
25.53599,1,-0.717,0.051,-0.633,0.285,28961,HOLD
25.59998,1,-0.717,0.046,-0.633,0.283,1619,NONE
25.64265,1,-0.718,0.041,-0.63,0.29,28460,NONE
25.66399,1,-0.715,0.043,-0.633,0.291,16405,NONE
25.70664,1,-0.715,0.035,-0.636,0.287,8077,NONE
25.74932,1,-0.714,0.03,-0.638,0.285,5853,NONE
25.81331,1,-0.713,0.028,-0.639,0.284,23885,NONE
26.00533,1,-0.71,0.025,-0.638,0.293,39366,NONE
26.04798,1,-0.71,0.025,-0.637,0.297,32282,NONE
26.09066,1,-0.711,0.028,-0.633,0.301,35744,HOLD
26.13331,1,-0.711,0.035,-0.63,0.309,17739,HOLD
26.15465,1,-0.709,0.043,-0.627,0.318,3414,HOLD
26.19732,1,-0.705,0.035,-0.636,0.309,1707,HOLD
26.23998,1,-0.706,0.014,-0.64,0.303,509,HOLD
26.28265,1,-0.704,0.01,-0.645,0.297,1987,HOLD
26.30399,1,-0.701,0.009,-0.649,0.291,60817,NONE
26.34664,1,-0.7,0.01,-0.652,0.29,32282,NONE
26.38932,1,-0.698,0.016,-0.651,0.295,31824,NONE
26.432,1,-0.698,0.023,-0.648,0.3,57223,NONE
26.51732,2,-0.7,0.053,-0.628,0.333,23095,NONE
26.55998,2,-0.7,0.067,-0.619,0.347,57076,NONE
26.60265,2,-0.7,0.086,-0.607,0.363,74503,NONE
26.64533,2,-0.7,0.1,-0.598,0.372,33091,HOLD
26.68798,2,-0.699,0.109,-0.592,0.384,3065,HOLD
26.73066,2,-0.7,0.114,-0.589,0.385,10440,HOLD
26.752,2,-0.699,0.119,-0.591,0.382,21443,END
26.79465,2,-0.699,0.112,-0.591,0.384,24966,NONE
26.83732,2,-0.7,0.103,-0.596,0.378,71485,NONE
26.87998,2,-0.697,0.103,-0.605,0.369,14839,NONE
26.92265,2,-0.696,0.105,-0.608,0.366,1491,NONE
26.96533,2,-0.694,0.117,-0.605,0.371,26107,NONE
27.07199,2,-0.684,0.145,-0.598,0.39,9134,NONE
27.09331,2,-0.683,0.145,-0.599,0.389,250968,START
27.13599,2,-0.683,0.145,-0.599,0.389,13459,HOLD
27.17866,2,-0.682,0.146,-0.598,0.393,138904,HOLD
27.22132,2,-0.68,0.15,-0.594,0.399,24162,HOLD
27.26399,2,-0.681,0.147,-0.596,0.397,39978,HOLD
27.30664,2,-0.682,0.141,-0.599,0.392,17550,HOLD
27.34932,2,-0.683,0.139,-0.6,0.391,264,NONE
27.37066,2,-0.682,0.141,-0.6,0.391,20642,NONE
27.41331,2,-0.68,0.144,-0.601,0.391,5448,NONE
27.45599,2,-0.679,0.147,-0.602,0.392,23081,NONE
27.49866,2,-0.674,0.156,-0.601,0.396,26822,NONE
27.66932,3,-0.645,0.199,-0.587,0.445,169613,NONE
27.712,3,-0.645,0.197,-0.586,0.448,133573,HOLD
27.73331,3,-0.646,0.193,-0.588,0.446,28304,HOLD
27.77599,3,-0.649,0.187,-0.59,0.442,31531,HOLD
27.81866,3,-0.652,0.182,-0.591,0.436,6450,END
27.86131,3,-0.649,0.183,-0.593,0.439,1699,NONE
27.90399,3,-0.649,0.179,-0.598,0.433,13857,NONE
27.94664,3,-0.648,0.181,-0.597,0.434,2352,NONE
27.96798,3,-0.648,0.18,-0.597,0.435,29079,NONE
28.032,3,-0.647,0.18,-0.598,0.436,18261,NONE
28.05331,3,-0.646,0.177,-0.599,0.436,43845,NONE
28.22399,3,-0.644,0.184,-0.59,0.449,39406,NONE
28.28798,3,-0.644,0.189,-0.588,0.45,7598,HOLD
28.30932,3,-0.644,0.191,-0.587,0.45,33651,HOLD
28.352,3,-0.643,0.195,-0.586,0.451,272092,HOLD
28.39465,3,-0.643,0.194,-0.589,0.448,4778,HOLD
28.43732,3,-0.642,0.192,-0.591,0.446,2658,END
28.47998,3,-0.643,0.193,-0.592,0.445,18291,NONE
28.52265,3,-0.639,0.195,-0.592,0.449,239516,START
28.56533,3,-0.628,0.214,-0.585,0.464,22690,END
28.60798,3,-0.617,0.234,-0.575,0.482,18578,NONE
28.65066,3,-0.607,0.255,-0.56,0.501,8621,NONE
28.79998,4,-0.596,0.285,-0.535,0.525,28439,NONE
28.84265,4,-0.594,0.293,-0.53,0.529,5957,HOLD
28.88533,4,-0.593,0.296,-0.526,0.531,76714,HOLD
28.92798,4,-0.595,0.292,-0.53,0.527,9147,HOLD
28.97066,4,-0.595,0.293,-0.532,0.525,22330,NONE
29.01331,4,-0.597,0.285,-0.537,0.522,30202,NONE
29.03465,4,-0.596,0.282,-0.541,0.52,13939,NONE
29.07732,4,-0.596,0.283,-0.542,0.518,8253,NONE
29.11998,4,-0.596,0.285,-0.541,0.519,2173,NONE
29.35465,4,-0.601,0.277,-0.541,0.517,36668,NONE
29.39732,4,-0.601,0.278,-0.541,0.517,83203,NONE
29.43998,4,-0.601,0.28,-0.54,0.516,72165,HOLD
29.48265,4,-0.602,0.281,-0.539,0.516,19435,HOLD
29.50399,4,-0.604,0.279,-0.542,0.513,18588,HOLD
29.54664,4,-0.603,0.276,-0.542,0.513,11473,NONE
29.58932,4,-0.603,0.268,-0.551,0.51,34658,NONE
29.65331,4,-0.603,0.269,-0.551,0.509,48095,NONE
29.67465,4,-0.602,0.274,-0.55,0.508,1920,NONE
29.71733,4,-0.602,0.274,-0.55,0.508,14458,NONE
29.75998,4,-0.603,0.274,-0.549,0.507,3212,NONE
29.80265,4,-0.603,0.274,-0.549,0.509,910,NONE
29.93066,4,-0.603,0.273,-0.548,0.51,64687,NONE
29.97331,4,-0.603,0.273,-0.548,0.509,6242,NONE
29.99465,4,-0.604,0.276,-0.546,0.509,121445,HOLD
30.03732,4,-0.604,0.279,-0.545,0.508,22602,HOLD
30.10131,4,-0.605,0.278,-0.546,0.506,4232,HOLD
30.14399,4,-0.604,0.275,-0.547,0.507,7499,NONE
30.18664,4,-0.605,0.27,-0.553,0.503,16117,NONE
30.22932,4,-0.606,0.266,-0.556,0.502,8373,NONE
30.272,4,-0.61,0.256,-0.567,0.488,16149,NONE
30.29331,4,-0.619,0.233,-0.586,0.465,42418,NONE
30.33599,4,-0.627,0.214,-0.602,0.444,3047,NONE
30.37866,4,-0.634,0.19,-0.618,0.421,10461,NONE
30.57066,3,-0.649,0.142,-0.647,0.373,16213,NONE
30.61331,3,-0.648,0.137,-0.649,0.372,7406,NONE
30.63465,3,-0.648,0.135,-0.651,0.37,8434,NONE
30.67732,3,-0.648,0.125,-0.655,0.364,29167,NONE
30.71998,3,-0.647,0.122,-0.658,0.362,11073,NONE
30.76265,3,-0.646,0.126,-0.656,0.367,16934,NONE
30.80533,3,-0.646,0.129,-0.653,0.37,28615,NONE
30.86932,3,-0.645,0.132,-0.651,0.374,961,NONE
30.89066,3,-0.645,0.135,-0.649,0.379,1606,NONE
31.10399,2,-0.642,0.155,-0.634,0.399,28298,NONE
31.12533,2,-0.642,0.156,-0.634,0.4,80945,NONE
31.16798,2,-0.641,0.158,-0.632,0.402,145062,START
31.21066,2,-0.641,0.157,-0.632,0.403,119365,HOLD
31.25331,2,-0.642,0.155,-0.633,0.402,21986,HOLD
31.29599,2,-0.644,0.153,-0.633,0.398,29358,END
31.31732,2,-0.644,0.155,-0.632,0.399,9779,NONE
31.35998,2,-0.644,0.15,-0.638,0.393,0,NONE
31.40265,2,-0.644,0.145,-0.641,0.389,7095,NONE
31.44533,2,-0.649,0.121,-0.657,0.369,7728,NONE
31.48798,2,-0.656,0.086,-0.686,0.33,5630,NONE
31.53066,2,-0.662,0.061,-0.688,0.288,58469,NONE
31.67998,1,-0.662,0.064,-0.686,0.292,19014,NONE
31.72265,1,-0.662,0.066,-0.685,0.295,14668,NONE
31.76533,1,-0.662,0.068,-0.684,0.296,23183,NONE
31.80798,1,-0.662,0.072,-0.681,0.303,132447,HOLD
31.85066,1,-0.662,0.076,-0.677,0.308,23462,HOLD
31.89331,1,-0.663,0.079,-0.676,0.31,52916,HOLD
31.93599,1,-0.663,0.076,-0.677,0.307,25627,HOLD
31.97866,1,-0.661,0.074,-0.68,0.306,107592,NONE
32.02132,1,-0.661,0.071,-0.682,0.302,141,NONE
32.06399,1,-0.662,0.063,-0.686,0.292,6932,NONE
32.10664,1,-0.664,0.055,-0.689,0.282,3867,NONE
33.42932,1,-0.661,0.081,-0.677,0.31,2674,NONE
33.472,1,-0.66,0.087,-0.675,0.317,211669,NONE
33.49331,1,-0.659,0.09,-0.673,0.32,73023,NONE
33.53599,1,-0.66,0.09,-0.672,0.322,50037,HOLD
33.57866,1,-0.659,0.092,-0.67,0.325,10157,HOLD
33.62132,1,-0.661,0.09,-0.672,0.32,15787,HOLD
33.66399,1,-0.66,0.086,-0.674,0.318,4943,NONE
33.70664,1,-0.659,0.085,-0.676,0.317,27256,NONE
33.74932,1,-0.658,0.087,-0.676,0.317,21768,NONE
33.792,1,-0.655,0.094,-0.674,0.325,14655,NONE
33.83465,1,-0.652,0.105,-0.67,0.336,17241,NONE
33.96265,2,-0.642,0.135,-0.657,0.37,1281,NONE
33.98399,2,-0.641,0.136,-0.656,0.373,110380,NONE
34.02665,2,-0.641,0.137,-0.653,0.375,204228,START
34.06932,2,-0.641,0.139,-0.651,0.379,100615,HOLD
34.112,2,-0.643,0.139,-0.649,0.381,4935,HOLD
34.15465,2,-0.645,0.137,-0.649,0.379,21384,HOLD
34.19732,2,-0.646,0.134,-0.651,0.376,8490,NONE
34.23998,2,-0.644,0.131,-0.654,0.372,8740,NONE
34.28265,2,-0.643,0.132,-0.654,0.374,6626,NONE
34.32533,2,-0.641,0.141,-0.65,0.38,46463,NONE
34.36798,2,-0.638,0.146,-0.647,0.386,65323,NONE
34.51732,3,-0.623,0.169,-0.634,0.424,0,HOLD
34.55998,3,-0.622,0.17,-0.632,0.428,42079,HOLD
34.60265,3,-0.622,0.171,-0.63,0.43,80785,HOLD
34.64533,3,-0.622,0.172,-0.628,0.432,50506,HOLD
34.66665,3,-0.624,0.171,-0.628,0.431,3137,HOLD
34.70932,3,-0.625,0.167,-0.63,0.427,44634,HOLD
34.752,3,-0.626,0.164,-0.633,0.424,3406,HOLD
34.79465,3,-0.623,0.162,-0.637,0.422,174103,HOLD
34.81599,3,-0.622,0.165,-0.636,0.424,5427,HOLD
34.85866,3,-0.621,0.167,-0.635,0.426,525,END
34.90131,3,-0.618,0.174,-0.631,0.432,1478,NONE
35.13599,4,-0.592,0.244,-0.578,0.504,8394,NONE
35.17866,4,-0.592,0.246,-0.576,0.506,238203,HOLD
35.22131,4,-0.591,0.252,-0.571,0.509,15904,HOLD
35.26399,4,-0.592,0.252,-0.57,0.508,13765,HOLD
35.28533,4,-0.596,0.248,-0.573,0.502,14050,HOLD
35.34932,4,-0.595,0.248,-0.574,0.503,5215,END
35.37066,4,-0.595,0.244,-0.578,0.501,18887,NONE
35.41331,4,-0.594,0.242,-0.581,0.5,5263,NONE
35.45599,4,-0.593,0.242,-0.582,0.499,37861,NONE
35.49866,4,-0.593,0.245,-0.58,0.5,2126,NONE
35.54132,4,-0.594,0.248,-0.577,0.501,55320,NONE
35.71199,4,-0.593,0.25,-0.573,0.505,9379,NONE
35.75465,4,-0.592,0.252,-0.57,0.508,28754,HOLD
35.79733,4,-0.593,0.251,-0.571,0.508,23169,HOLD
35.83998,4,-0.594,0.25,-0.572,0.505,119051,HOLD
35.88265,4,-0.596,0.252,-0.572,0.503,2802,HOLD
35.90399,4,-0.596,0.234,-0.57,0.505,9928,HOLD
35.96798,4,-0.596,0.245,-0.577,0.501,65227,NONE
36.01066,4,-0.596,0.245,-0.58,0.498,3632,NONE
36.05331,4,-0.597,0.245,-0.582,0.494,7310,NONE
36.09599,4,-0.6,0.245,-0.585,0.486,4245,NONE
36.13866,4,-0.602,0.244,-0.585,0.484,46498,NONE
36.28798,3,-0.603,0.241,-0.585,0.484,2040,NONE
36.33066,3,-0.603,0.242,-0.583,0.486,200063,START
36.37331,3,-0.603,0.241,-0.583,0.486,135301,HOLD
36.41599,3,-0.606,0.239,-0.584,0.483,30775,HOLD
36.45866,3,-0.608,0.237,-0.584,0.48,8213,HOLD
36.50132,3,-0.61,0.236,-0.585,0.478,1561,HOLD
36.54399,3,-0.612,0.236,-0.586,0.475,1877,NONE
36.56533,3,-0.611,0.234,-0.586,0.476,134785,NONE
36.60798,3,-0.612,0.229,-0.592,0.469,29432,NONE
36.65066,3,-0.613,0.23,-0.594,0.465,21017,NONE
36.69331,3,-0.615,0.229,-0.594,0.462,31893,NONE
36.71465,3,-0.621,0.221,-0.601,0.452,25593,NONE
36.75732,3,-0.625,0.213,-0.607,0.44,6988,NONE
36.84265,2,-0.629,0.196,-0.619,0.425,52892,NONE
36.86399,2,-0.63,0.19,-0.623,0.421,31971,NONE
36.90664,2,-0.632,0.184,-0.625,0.416,168590,START
36.94932,2,-0.633,0.184,-0.624,0.418,9648,HOLD
36.992,2,-0.635,0.182,-0.622,0.418,5505,HOLD
37.03465,2,-0.637,0.18,-0.622,0.415,10450,HOLD
37.05598,2,-0.64,0.178,-0.624,0.409,4820,HOLD
37.09866,2,-0.639,0.181,-0.622,0.413,51105,HOLD
37.14132,2,-0.639,0.177,-0.628,0.406,12610,HOLD
37.18399,2,-0.639,0.177,-0.629,0.405,35307,HOLD
37.22664,2,-0.64,0.177,-0.629,0.403,4561,HOLD
37.26932,2,-0.64,0.176,-0.629,0.401,7744,NONE
37.312,2,-0.642,0.173,-0.63,0.399,19102,NONE
37.37599,2,-0.644,0.161,-0.637,0.389,14437,NONE
37.41866,2,-0.645,0.158,-0.638,0.388,10306,NONE
37.46132,2,-0.646,0.154,-0.641,0.384,175360,NONE
37.50399,2,-0.648,0.149,-0.642,0.38,104958,NONE
37.52533,2,-0.648,0.15,-0.639,0.383,39840,HOLD
37.56798,2,-0.65,0.143,-0.643,0.381,14314,HOLD
37.61066,2,-0.65,0.14,-0.644,0.375,142412,HOLD
37.65331,2,-0.65,0.138,-0.648,0.37,34535,HOLD
37.69599,2,-0.65,0.137,-0.649,0.369,3574,HOLD
37.73866,2,-0.65,0.136,-0.651,0.366,9446,NONE
37.75998,2,-0.649,0.139,-0.65,0.368,7694,NONE
37.80265,2,-0.648,0.14,-0.651,0.367,30894,NONE
38.03732,2,-0.646,0.147,-0.645,0.378,8455,NONE
38.07998,2,-0.646,0.147,-0.645,0.38,346927,START
38.12265,2,-0.645,0.15,-0.643,0.381,184614,HOLD
38.14399,2,-0.645,0.155,-0.638,0.389,13363,HOLD
38.18665,2,-0.647,0.158,-0.636,0.388,41368,HOLD
38.22932,2,-0.646,0.157,-0.637,0.388,15010,HOLD
38.272,2,-0.643,0.161,-0.635,0.395,5374,END
38.31465,2,-0.643,0.153,-0.642,0.387,8087,NONE
38.33599,2,-0.641,0.153,-0.643,0.388,8695,NONE
38.37866,2,-0.641,0.152,-0.643,0.388,4143,NONE
38.42131,2,-0.642,0.152,-0.643,0.388,5254,NONE
43.75465,2,-0.644,0.146,-0.632,0.403,21726,NONE
43.79733,2,-0.644,0.146,-0.632,0.403,45641,NONE
43.83998,2,-0.644,0.146,-0.631,0.404,9297,NONE
43.88265,2,-0.645,0.148,-0.63,0.406,76375,HOLD
43.90399,2,-0.645,0.148,-0.628,0.407,11355,HOLD
43.94664,2,-0.648,0.144,-0.632,0.397,15971,NONE
43.98932,2,-0.649,0.139,-0.633,0.395,7742,NONE
44.03199,2,-0.646,0.137,-0.638,0.393,3544,NONE
44.07465,2,-0.646,0.14,-0.637,0.395,4868,NONE
44.09599,2,-0.646,0.142,-0.635,0.397,34231,NONE
44.13866,2,-0.648,0.142,-0.635,0.395,104,NONE
44.18132,2,-0.648,0.144,-0.634,0.395,13733,NONE
44.26664,2,-0.646,0.145,-0.634,0.397,15305,NONE
44.30932,2,-0.646,0.145,-0.633,0.398,9036,NONE
44.35199,2,-0.646,0.148,-0.631,0.399,240744,START
44.37331,2,-0.647,0.151,-0.628,0.403,51806,HOLD
44.41599,2,-0.647,0.152,-0.627,0.405,26908,HOLD
44.47998,2,-0.651,0.149,-0.628,0.397,20839,HOLD
44.50132,2,-0.65,0.146,-0.629,0.398,16485,NONE
44.54399,2,-0.648,0.145,-0.633,0.396,10410,NONE
44.58664,2,-0.648,0.146,-0.633,0.397,17757,NONE
44.62932,2,-0.648,0.147,-0.632,0.396,3206,NONE
44.672,2,-0.649,0.148,-0.632,0.395,21678,NONE
44.71465,2,-0.649,0.149,-0.631,0.396,242,NONE
44.86399,2,-0.648,0.152,-0.628,0.401,7673,NONE
44.90664,2,-0.648,0.154,-0.626,0.404,37715,NONE
44.94932,2,-0.647,0.156,-0.623,0.408,59577,NONE
44.992,2,-0.648,0.156,-0.623,0.408,13475,NONE
45.03465,2,-0.649,0.156,-0.622,0.407,18868,NONE
45.07732,2,-0.651,0.153,-0.624,0.401,5039,NONE
45.11998,2,-0.649,0.151,-0.627,0.402,44221,NONE
45.18399,2,-0.648,0.148,-0.632,0.397,17388,NONE
45.20533,2,-0.648,0.153,-0.629,0.4,39092,NONE
45.99465,1,-0.665,0.083,-0.67,0.318,14000,NONE
46.03732,1,-0.664,0.083,-0.67,0.319,16951,NONE
46.10131,1,-0.664,0.089,-0.666,0.324,19209,NONE
46.14399,1,-0.664,0.093,-0.663,0.331,67262,HOLD
46.16533,1,-0.664,0.096,-0.66,0.335,16264,HOLD
46.20798,1,-0.664,0.097,-0.659,0.336,5220,HOLD
46.25066,1,-0.666,0.095,-0.661,0.332,21376,HOLD
46.29331,1,-0.665,0.095,-0.66,0.332,551,END
46.33599,1,-0.664,0.093,-0.664,0.329,2309,NONE
46.37866,1,-0.664,0.095,-0.664,0.328,7209,NONE
46.42131,1,-0.665,0.094,-0.664,0.326,2291,NONE
46.54932,1,-0.666,0.094,-0.664,0.325,28325,NONE
46.592,1,-0.665,0.093,-0.664,0.325,26421,NONE
46.63465,1,-0.666,0.095,-0.662,0.328,61091,NONE
46.67732,1,-0.665,0.099,-0.66,0.332,64793,NONE
46.71998,1,-0.666,0.1,-0.657,0.335,11848,NONE
46.76265,1,-0.666,0.102,-0.656,0.336,9502,NONE
46.78399,1,-0.668,0.099,-0.659,0.328,626,NONE
46.82664,1,-0.667,0.096,-0.66,0.328,31624,NONE
46.86932,1,-0.667,0.094,-0.663,0.325,20452,NONE
46.91199,1,-0.666,0.095,-0.664,0.324,1656,NONE
47.10399,1,-0.664,0.092,-0.667,0.322,56,NONE
47.12533,1,-0.664,0.092,-0.666,0.323,1089,NONE
47.16798,1,-0.665,0.093,-0.665,0.324,9776,NONE
47.21066,1,-0.664,0.095,-0.664,0.328,18199,NONE
47.25331,1,-0.664,0.097,-0.662,0.33,171824,START
47.29599,1,-0.665,0.099,-0.66,0.333,18133,HOLD
47.33866,1,-0.666,0.1,-0.658,0.334,30591,HOLD
47.38131,1,-0.667,0.094,-0.661,0.328,27004,HOLD
47.40265,1,-0.666,0.096,-0.661,0.329,17478,END
47.44533,1,-0.665,0.09,-0.665,0.326,4181,NONE
47.48798,1,-0.664,0.092,-0.666,0.326,9571,NONE
47.53066,1,-0.664,0.093,-0.665,0.325,1563,NONE
48.29866,3,-0.632,0.193,-0.605,0.442,127325,NONE
48.34132,3,-0.632,0.194,-0.604,0.444,13646,NONE
48.38399,3,-0.632,0.193,-0.603,0.445,3662,HOLD
48.42664,3,-0.632,0.19,-0.604,0.444,3174,HOLD
48.46932,3,-0.634,0.182,-0.61,0.437,6461,END
48.512,3,-0.635,0.177,-0.613,0.434,27078,NONE
48.55465,3,-0.634,0.171,-0.62,0.427,7310,NONE
48.59732,3,-0.634,0.174,-0.62,0.426,13608,NONE
48.61866,3,-0.634,0.176,-0.619,0.427,4397,NONE
48.66132,3,-0.634,0.177,-0.619,0.426,14517,NONE
48.70399,3,-0.633,0.179,-0.618,0.427,22280,NONE
48.74664,3,-0.632,0.181,-0.618,0.429,74551,NONE
48.832,3,-0.631,0.181,-0.618,0.431,3156,NONE
48.85331,3,-0.631,0.184,-0.617,0.432,215136,NONE
48.89598,3,-0.629,0.186,-0.614,0.436,20434,HOLD
48.93866,3,-0.629,0.185,-0.614,0.437,71630,HOLD
49.00265,3,-0.629,0.187,-0.613,0.438,7259,HOLD
49.04533,3,-0.629,0.189,-0.612,0.439,27883,END
49.08798,3,-0.627,0.189,-0.613,0.44,25273,NONE
49.13066,3,-0.627,0.188,-0.615,0.438,12679,NONE
49.17331,3,-0.627,0.188,-0.616,0.436,4357,NONE
49.19465,3,-0.626,0.191,-0.614,0.438,29350,NONE
49.23732,3,-0.625,0.198,-0.611,0.442,14303,NONE
49.40798,3,-0.623,0.201,-0.609,0.445,6815,HOLD
49.45066,3,-0.623,0.202,-0.607,0.448,147746,HOLD
49.49331,3,-0.623,0.202,-0.607,0.449,5407,HOLD
49.51465,3,-0.624,0.199,-0.608,0.446,3819,HOLD
49.55732,3,-0.625,0.2,-0.606,0.447,164090,HOLD
49.62132,3,-0.625,0.198,-0.609,0.444,344,HOLD
49.66399,3,-0.627,0.196,-0.608,0.444,170,END
49.70664,3,-0.628,0.189,-0.615,0.439,21515,NONE
49.74932,3,-0.627,0.189,-0.617,0.435,5414,NONE
49.792,3,-0.627,0.188,-0.618,0.434,1097,NONE
49.81331,3,-0.629,0.185,-0.619,0.429,15715,NONE
50.55998,4,-0.591,0.257,-0.566,0.512,379100,START
50.58131,4,-0.591,0.256,-0.567,0.512,244278,HOLD
50.62399,4,-0.591,0.256,-0.567,0.511,190867,HOLD
50.66665,4,-0.595,0.252,-0.57,0.506,1454,HOLD
50.70932,4,-0.598,0.25,-0.572,0.501,4818,HOLD
50.752,4,-0.598,0.247,-0.572,0.502,1669,NONE
50.77331,4,-0.599,0.24,-0.579,0.497,19497,NONE
50.81599,4,-0.598,0.241,-0.581,0.496,12674,NONE
50.85866,4,-0.597,0.243,-0.581,0.496,11555,NONE
50.90131,4,-0.596,0.246,-0.578,0.498,14381,NONE
50.94399,4,-0.596,0.25,-0.573,0.502,3371,NONE
50.98664,4,-0.597,0.247,-0.574,0.501,6642,NONE
51.15733,4,-0.595,0.251,-0.568,0.508,154185,HOLD
51.19998,4,-0.596,0.25,-0.568,0.507,12056,HOLD
51.24265,4,-0.594,0.252,-0.568,0.508,61904,HOLD
51.28533,4,-0.594,0.252,-0.568,0.509,13023,HOLD
51.30664,4,-0.594,0.254,-0.568,0.509,11909,HOLD
51.37066,4,-0.609,0.25,-0.57,0.51,15175,NONE
51.41331,4,-0.593,0.247,-0.574,0.506,0,NONE
51.43465,4,-0.592,0.25,-0.575,0.504,17060,NONE
51.47733,4,-0.591,0.253,-0.574,0.505,27129,NONE
51.51998,4,-0.59,0.256,-0.572,0.507,25254,NONE
51.56265,4,-0.589,0.259,-0.568,0.511,45789,NONE
51.73331,4,-0.587,0.264,-0.562,0.517,280472,START
51.77599,4,-0.587,0.266,-0.56,0.519,24447,HOLD
51.81866,4,-0.59,0.262,-0.563,0.514,88551,HOLD
51.86132,4,-0.589,0.263,-0.562,0.515,56575,HOLD
51.90399,4,-0.59,0.265,-0.562,0.515,17364,HOLD
51.94664,4,-0.591,0.256,-0.567,0.511,18935,NONE
51.98932,4,-0.591,0.256,-0.569,0.511,41939,NONE
52.03199,4,-0.59,0.257,-0.57,0.509,3718,NONE
52.05331,4,-0.589,0.259,-0.57,0.509,25023,NONE
52.09599,4,-0.59,0.26,-0.569,0.508,4684,NONE
52.13866,4,-0.593,0.256,-0.573,0.503,91610,NONE
52.86399,2,-0.638,0.167,-0.632,0.404,106873,HOLD
52.88533,2,-0.64,0.164,-0.633,0.403,7076,HOLD
52.92798,2,-0.641,0.158,-0.636,0.397,16489,HOLD
52.97066,2,-0.64,0.157,-0.636,0.398,13715,HOLD
53.01331,2,-0.64,0.157,-0.637,0.393,15797,HOLD
53.05598,2,-0.641,0.14,-0.637,0.398,38623,NONE
53.09866,2,-0.64,0.153,-0.64,0.394,5987,NONE
53.14132,2,-0.64,0.154,-0.64,0.394,4085,NONE
53.18399,2,-0.642,0.156,-0.639,0.392,13568,NONE
53.20533,2,-0.643,0.159,-0.637,0.392,15065,NONE
53.24798,2,-0.644,0.16,-0.637,0.391,69259,NONE
53.39732,2,-0.644,0.158,-0.637,0.392,170143,START
53.46132,2,-0.644,0.156,-0.636,0.394,7869,HOLD
53.50399,2,-0.645,0.154,-0.635,0.393,666,HOLD
53.54664,2,-0.648,0.155,-0.633,0.391,21074,HOLD
53.58932,2,-0.646,0.157,-0.634,0.394,26381,HOLD
53.632,2,-0.644,0.15,-0.64,0.391,3372,END
53.65331,2,-0.644,0.149,-0.641,0.387,100418,NONE
53.69599,2,-0.646,0.143,-0.646,0.378,6200,NONE
53.73866,2,-0.651,0.119,-0.661,0.356,64095,NONE
53.78131,2,-0.659,0.086,-0.676,0.322,23832,NONE
53.82399,2,-0.671,0.058,-0.685,0.274,12114,NONE
55.14664,2,-0.627,0.181,-0.637,0.408,99590,HOLD
55.18932,2,-0.626,0.184,-0.635,0.411,124069,HOLD
55.23199,2,-0.626,0.186,-0.631,0.414,217386,HOLD
55.27465,2,-0.627,0.186,-0.63,0.416,52440,HOLD
55.29599,2,-0.628,0.185,-0.63,0.414,34743,HOLD
55.35998,2,-0.631,0.18,-0.632,0.41,36189,HOLD
55.40265,2,-0.632,0.174,-0.634,0.406,10898,NONE
55.42399,2,-0.633,0.171,-0.638,0.401,52721,NONE
55.46664,2,-0.634,0.17,-0.64,0.398,16392,NONE
55.70132,2,-0.64,0.164,-0.643,0.386,39198,NONE
55.74399,2,-0.639,0.164,-0.643,0.387,376392,HOLD
55.78664,2,-0.638,0.162,-0.643,0.389,18938,HOLD
55.82932,2,-0.639,0.16,-0.643,0.389,102260,HOLD
55.87199,2,-0.64,0.159,-0.642,0.389,7942,HOLD
55.89331,2,-0.643,0.16,-0.641,0.385,764,END
55.93599,2,-0.641,0.159,-0.642,0.387,79313,NONE
55.97866,2,-0.641,0.156,-0.643,0.386,77145,NONE
56.02132,2,-0.635,0.169,-0.639,0.397,14002,NONE
56.06399,2,-0.625,0.197,-0.622,0.426,21901,NONE
56.10664,2,-0.612,0.227,-0.603,0.457,13806,NONE
56.29866,4,-0.596,0.247,-0.586,0.488,132577,NONE
56.34132,4,-0.596,0.249,-0.583,0.49,119398,HOLD
56.38399,4,-0.598,0.249,-0.583,0.49,84865,HOLD
56.40533,4,-0.599,0.248,-0.583,0.488,11169,HOLD
56.44798,4,-0.596,0.251,-0.584,0.489,10724,HOLD
56.512,4,-0.598,0.247,-0.583,0.489,27826,END
56.53331,4,-0.598,0.242,-0.588,0.486,23957,NONE
56.57598,4,-0.598,0.242,-0.592,0.483,13417,NONE
56.61866,4,-0.594,0.248,-0.59,0.486,36532,NONE
56.66132,4,-0.593,0.251,-0.588,0.487,3640,NONE
56.70399,4,-0.593,0.253,-0.585,0.491,4778,NONE
56.832,4,-0.592,0.257,-0.579,0.496,23973,NONE
56.85331,4,-0.593,0.257,-0.579,0.496,72975,NONE
56.89598,4,-0.593,0.257,-0.578,0.496,225378,START
56.93866,4,-0.593,0.258,-0.577,0.497,103200,HOLD
56.98132,4,-0.594,0.26,-0.575,0.498,42855,HOLD
57.02399,4,-0.594,0.259,-0.575,0.497,6410,HOLD
57.04533,4,-0.592,0.259,-0.576,0.498,54916,NONE
57.08798,4,-0.596,0.252,-0.58,0.493,139573,NONE
57.152,4,-0.597,0.25,-0.585,0.486,9612,NONE
57.19465,4,-0.599,0.252,-0.586,0.483,11544,NONE
57.23732,4,-0.606,0.249,-0.588,0.473,10423,NONE
57.27998,4,-0.623,0.226,-0.606,0.438,14988,NONE
57.32265,4,-0.632,0.208,-0.618,0.416,13353,NONE
57.42932,2,-0.642,0.183,-0.632,0.392,81307,NONE
57.472,2,-0.642,0.175,-0.636,0.388,4184,NONE
57.51465,2,-0.642,0.172,-0.637,0.387,101557,HOLD
57.53599,2,-0.643,0.169,-0.638,0.385,176367,HOLD
57.57866,2,-0.647,0.159,-0.656,0.38,6916,HOLD
57.62132,2,-0.65,0.153,-0.644,0.371,65083,HOLD
57.66399,2,-0.652,0.149,-0.647,0.363,6039,HOLD
57.70664,2,-0.652,0.146,-0.648,0.362,1723,HOLD
57.74932,2,-0.652,0.142,-0.652,0.356,11002,NONE
57.792,2,-0.651,0.142,-0.653,0.357,362,NONE
57.81331,2,-0.65,0.142,-0.655,0.356,3520,NONE
57.85599,2,-0.651,0.146,-0.652,0.358,14796,NONE
58.00533,2,-0.649,0.147,-0.652,0.361,15686,NONE
58.02665,2,-0.648,0.148,-0.651,0.362,282920,START
58.06932,2,-0.648,0.149,-0.649,0.368,278909,HOLD
58.112,2,-0.647,0.148,-0.648,0.371,119562,HOLD
58.15465,2,-0.647,0.147,-0.648,0.37,25838,HOLD
58.19732,2,-0.65,0.146,-0.648,0.367,5382,HOLD
58.23998,2,-0.649,0.143,-0.651,0.366,13505,HOLD
58.28265,2,-0.649,0.137,-0.655,0.361,7174,HOLD
58.30399,2,-0.652,0.129,-0.66,0.349,9967,HOLD
58.34665,2,-0.659,0.111,-0.669,0.332,6530,HOLD
58.38932,2,-0.663,0.09,-0.678,0.304,6298,HOLD
58.432,2,-0.672,0.071,-0.683,0.275,97731,HOLD
59.71199,2,-0.629,0.168,-0.649,0.392,91437,HOLD
59.73331,2,-0.629,0.169,-0.648,0.392,33435,HOLD
59.77599,2,-0.629,0.168,-0.648,0.392,163775,HOLD
59.81866,2,-0.632,0.166,-0.647,0.39,17534,HOLD
59.86132,2,-0.636,0.164,-0.648,0.384,12967,HOLD
59.90399,2,-0.637,0.159,-0.649,0.381,94471,HOLD
59.94664,2,-0.638,0.153,-0.654,0.373,6386,HOLD
59.98932,2,-0.638,0.155,-0.654,0.373,6561,HOLD
60.03199,2,-0.64,0.158,-0.652,0.372,22442,END
60.30932,2,-0.639,0.16,-0.649,0.379,50924,HOLD
60.35199,2,-0.638,0.162,-0.647,0.382,34878,HOLD
60.37331,2,-0.638,0.16,-0.648,0.382,38035,HOLD
60.41599,2,-0.641,0.158,-0.648,0.377,20639,HOLD
60.45866,2,-0.625,0.156,-0.65,0.377,3681,HOLD
60.52265,2,-0.641,0.149,-0.654,0.371,39832,NONE
60.54399,2,-0.643,0.148,-0.656,0.364,23547,NONE
60.58664,2,-0.648,0.138,-0.662,0.347,10279,NONE
60.62932,2,-0.656,0.11,-0.675,0.321,6737,NONE
60.69331,2,-0.66,0.103,-0.677,0.305,28005,NONE
60.86399,1,-0.664,0.078,-0.685,0.287,44772,NONE
60.88533,1,-0.664,0.08,-0.683,0.29,80002,HOLD
60.92798,1,-0.665,0.081,-0.681,0.294,51541,HOLD
60.97066,1,-0.665,0.081,-0.681,0.294,67939,HOLD
61.01331,1,-0.665,0.078,-0.684,0.287,11052,HOLD
61.03465,1,-0.664,0.075,-0.685,0.288,356,HOLD
61.07732,1,-0.663,0.075,-0.686,0.289,29259,HOLD
61.14132,1,-0.661,0.08,-0.684,0.294,22434,HOLD
61.16265,1,-0.66,0.089,-0.682,0.299,3475,HOLD
61.20533,1,-0.658,0.095,-0.679,0.307,32554,NONE
61.24798,1,-0.651,0.124,-0.667,0.329,22874,NONE
61.312,1,-0.633,0.182,-0.639,0.397,21640,NONE
61.41866,3,-0.624,0.2,-0.625,0.42,11398,NONE
61.46132,3,-0.624,0.199,-0.625,0.422,473013,START
61.50399,3,-0.624,0.198,-0.625,0.423,290526,HOLD
61.54664,3,-0.625,0.195,-0.627,0.421,122700,HOLD
61.58932,3,-0.627,0.193,-0.626,0.42,7741,HOLD
61.61066,3,-0.63,0.193,-0.626,0.415,3954,END
61.65331,3,-0.627,0.189,-0.629,0.418,16929,NONE
61.69599,3,-0.628,0.182,-0.636,0.408,11150,NONE
61.73866,3,-0.629,0.183,-0.637,0.406,9984,NONE
61.78131,3,-0.63,0.182,-0.637,0.404,31446,NONE
61.82399,3,-0.634,0.178,-0.639,0.396,1262,NONE
61.86665,3,-0.636,0.174,-0.641,0.39,57097,NONE
61.952,2,-0.639,0.166,-0.647,0.38,24543,NONE
61.99465,2,-0.638,0.166,-0.646,0.382,20583,NONE
62.03732,2,-0.638,0.165,-0.646,0.383,28825,HOLD
62.05866,2,-0.637,0.165,-0.646,0.385,97839,HOLD
62.10131,2,-0.638,0.161,-0.647,0.383,7249,HOLD
62.14399,2,-0.642,0.163,-0.645,0.38,18245,HOLD
62.18665,2,-0.64,0.164,-0.644,0.383,6634,END
62.22932,2,-0.64,0.157,-0.65,0.377,37060,NONE
62.272,2,-0.639,0.157,-0.651,0.375,8315,NONE
62.31465,2,-0.639,0.159,-0.65,0.376,359,NONE
62.35732,2,-0.64,0.158,-0.65,0.375,3172,NONE
64.21331,1,-0.653,0.099,-0.671,0.336,28110,NONE
64.25599,1,-0.653,0.099,-0.671,0.334,28927,NONE
64.29866,1,-0.654,0.1,-0.67,0.335,855,NONE
64.34132,1,-0.654,0.099,-0.67,0.335,150143,NONE
64.38399,1,-0.656,0.1,-0.667,0.336,211746,HOLD
64.42664,1,-0.656,0.1,-0.666,0.338,53792,HOLD
64.46932,1,-0.659,0.102,-0.665,0.333,4889,HOLD
64.53331,1,-0.657,0.104,-0.665,0.338,9873,HOLD
64.55465,1,-0.656,0.102,-0.668,0.333,3420,NONE
64.59732,1,-0.654,0.104,-0.67,0.333,9662,NONE
64.63998,1,-0.654,0.104,-0.67,0.332,12596,NONE
64.68266,1,-0.655,0.103,-0.671,0.33,35547,NONE
66.47465,4,-0.622,0.265,-0.558,0.48,31629,NONE
66.53867,4,-0.621,0.266,-0.557,0.481,71161,NONE
66.58131,4,-0.621,0.266,-0.556,0.482,71161,NONE
66.62399,4,-0.621,0.266,-0.556,0.482,328605,START
66.66664,4,-0.62,0.267,-0.555,0.483,17483,HOLD
66.70932,4,-0.623,0.261,-0.56,0.478,98271,HOLD
66.752,4,-0.626,0.255,-0.565,0.473,52844,HOLD
66.77331,4,-0.624,0.259,-0.565,0.471,20846,HOLD
66.81599,4,-0.622,0.254,-0.57,0.471,28689,HOLD
66.85867,4,-0.624,0.244,-0.58,0.463,1082,HOLD
66.90131,4,-0.624,0.242,-0.581,0.461,15553,END
66.94399,4,-0.625,0.241,-0.581,0.46,10370,NONE
68.79998,4,-0.617,0.284,-0.543,0.493,36988,NONE
68.84265,4,-0.617,0.284,-0.542,0.492,43915,NONE
68.86399,4,-0.617,0.284,-0.542,0.492,13270,NONE
68.90665,4,-0.618,0.285,-0.541,0.492,171898,START
68.97066,4,-0.618,0.282,-0.543,0.492,17611,HOLD
69.01331,4,-0.623,0.27,-0.549,0.484,11428,HOLD
69.05598,4,-0.623,0.269,-0.553,0.482,10945,NONE
69.09866,4,-0.621,0.265,-0.556,0.482,21073,NONE
69.14131,4,-0.623,0.258,-0.564,0.476,165,NONE
69.18399,4,-0.624,0.263,-0.563,0.472,13774,NONE
69.20533,4,-0.629,0.268,-0.561,0.465,4215,NONE
71.12533,3,-0.8,-0.014,-0.282,0.528,178862,HOLD
71.16798,3,-0.801,-0.013,-0.281,0.527,11,HOLD
71.21066,3,-0.802,-0.027,-0.292,0.518,39792,HOLD
71.25331,3,-0.804,-0.027,-0.299,0.512,918,HOLD
71.29599,3,-0.802,-0.026,-0.299,0.514,2757,NONE
71.33866,3,-0.803,-0.027,-0.299,0.513,0,NONE
71.38132,3,-0.804,-0.023,-0.298,0.513,14042,NONE
71.42399,3,-0.804,-0.021,-0.298,0.513,3827,NONE
71.46664,3,-0.805,-0.021,-0.297,0.512,5582,NONE
71.50932,3,-0.806,-0.019,-0.294,0.512,962,NONE
71.55199,3,-0.806,-0.03,-0.296,0.511,7406,NONE
72.21331,2,-0.801,-0.067,-0.324,0.497,14064,NONE
72.27732,2,-0.801,-0.067,-0.323,0.498,115012,NONE
72.31998,2,-0.802,-0.065,-0.32,0.499,105547,START
72.36266,2,-0.803,-0.062,-0.316,0.501,86319,HOLD
72.38399,2,-0.803,-0.058,-0.313,0.502,3278,HOLD
72.42664,2,-0.805,-0.058,-0.315,0.498,3010,HOLD
72.49065,2,-0.804,-0.059,-0.316,0.499,5553,END
72.53331,2,-0.803,-0.063,-0.318,0.497,16239,NONE
72.57599,2,-0.803,-0.058,-0.32,0.497,13901,NONE
72.59732,2,-0.803,-0.061,-0.324,0.495,5507,NONE
72.63998,2,-0.803,-0.065,-0.328,0.492,12756,NONE
73.40798,1,-0.789,-0.149,-0.377,0.459,29838,NONE
73.45066,1,-0.791,-0.144,-0.372,0.462,105355,HOLD
73.49331,1,-0.793,-0.137,-0.366,0.465,22767,HOLD
73.53599,1,-0.795,-0.131,-0.363,0.467,76684,HOLD
73.57866,1,-0.794,-0.136,-0.371,0.46,4980,HOLD
73.62132,1,-0.794,-0.137,-0.369,0.462,3050,END
73.66399,1,-0.794,-0.138,-0.368,0.462,8756,NONE
73.68533,1,-0.794,-0.137,-0.367,0.462,2772,NONE
73.72798,1,-0.794,-0.138,-0.368,0.461,13739,NONE
73.77066,1,-0.795,-0.138,-0.369,0.46,19243,NONE
73.81331,1,-0.795,-0.137,-0.368,0.46,11460,NONE
78.01598,2,-0.805,-0.101,-0.343,0.471,123155,NONE
78.05866,2,-0.805,-0.097,-0.34,0.474,63938,NONE
78.10132,2,-0.806,-0.091,-0.336,0.477,68146,NONE
78.14399,2,-0.807,-0.08,-0.329,0.481,4538,HOLD
78.18665,2,-0.808,-0.077,-0.325,0.484,2317,HOLD
78.20798,2,-0.808,-0.08,-0.327,0.483,10274,HOLD
78.25066,2,-0.806,-0.085,-0.33,0.482,6141,NONE
78.29331,2,-0.805,-0.084,-0.331,0.483,60684,NONE
78.33598,2,-0.805,-0.088,-0.334,0.481,3987,NONE
78.37866,2,-0.805,-0.089,-0.336,0.479,7814,NONE
78.42132,2,-0.805,-0.088,-0.337,0.479,14197,NONE
78.46399,2,-0.805,-0.086,-0.336,0.48,22240,NONE
78.592,2,-0.805,-0.084,-0.335,0.48,3811,NONE
78.63465,2,-0.805,-0.083,-0.333,0.482,102101,NONE
78.67732,2,-0.805,-0.081,-0.331,0.484,170199,START
78.71998,2,-0.805,-0.078,-0.329,0.485,121291,HOLD
78.76265,2,-0.806,-0.076,-0.327,0.486,6402,HOLD
78.78399,2,-0.805,-0.079,-0.331,0.484,2812,END
78.84798,2,-0.804,-0.078,-0.331,0.485,17677,NONE
78.89066,2,-0.804,-0.079,-0.331,0.486,4019,NONE
78.93331,2,-0.803,-0.078,-0.333,0.486,980,NONE
78.95465,2,-0.803,-0.078,-0.334,0.485,4820,NONE
78.99732,2,-0.804,-0.077,-0.334,0.484,10101,NONE
79.03998,2,-0.804,-0.077,-0.334,0.485,50522,NONE
79.10399,2,-0.803,-0.077,-0.335,0.485,67168,NONE
79.12533,2,-0.803,-0.077,-0.335,0.485,5305,NONE
79.16798,2,-0.803,-0.075,-0.333,0.486,28538,NONE
79.21066,2,-0.803,-0.074,-0.331,0.488,142787,NONE
79.25331,2,-0.804,-0.072,-0.328,0.489,179812,START
79.29599,2,-0.805,-0.071,-0.326,0.49,114487,HOLD
79.33866,2,-0.805,-0.071,-0.326,0.488,9897,HOLD
79.38132,2,-0.804,-0.078,-0.333,0.486,12597,HOLD
79.42399,2,-0.803,-0.078,-0.334,0.485,18461,NONE
79.44533,2,-0.803,-0.078,-0.336,0.485,5465,NONE
79.48798,2,-0.802,-0.078,-0.34,0.483,2666,NONE
79.53065,2,-0.803,-0.076,-0.34,0.482,6139,NONE
79.57331,2,-0.802,-0.077,-0.341,0.482,503,NONE
79.70132,2,-0.802,-0.074,-0.342,0.482,63839,NONE
79.72266,2,-0.802,-0.073,-0.341,0.483,361971,START
79.76533,2,-0.804,-0.068,-0.335,0.485,62737,HOLD
79.80798,2,-0.805,-0.067,-0.333,0.485,7108,HOLD
79.87199,2,-0.806,-0.067,-0.333,0.483,6107,HOLD
79.89331,2,-0.804,-0.072,-0.338,0.481,4839,END
79.93599,2,-0.804,-0.066,-0.335,0.486,34064,NONE
79.99998,2,-0.804,-0.06,-0.33,0.488,1230,NONE
80.04266,2,-0.805,-0.038,-0.322,0.496,3853,NONE
80.06399,2,-0.806,-0.026,-0.31,0.501,3446,NONE
80.10664,2,-0.808,0.019,-0.28,0.513,13433,NONE
80.29866,4,-0.803,0.14,-0.201,0.542,106007,NONE
80.34132,4,-0.803,0.14,-0.201,0.542,90822,HOLD
80.38399,4,-0.805,0.138,-0.202,0.54,88482,HOLD
80.42664,4,-0.807,0.125,-0.209,0.536,66990,HOLD
80.46932,4,-0.809,0.126,-0.213,0.533,17547,HOLD
80.49065,4,-0.806,0.125,-0.213,0.536,19,END
80.53331,4,-0.802,0.13,-0.211,0.542,287,NONE
80.57599,4,-0.803,0.119,-0.221,0.539,4168,NONE
80.63998,4,-0.801,0.128,-0.218,0.541,11808,NONE
80.68266,4,-0.801,0.129,-0.218,0.54,12665,NONE
80.70399,4,-0.802,0.129,-0.218,0.54,3984,NONE
80.74664,4,-0.802,0.131,-0.215,0.54,919,NONE
80.85331,4,-0.803,0.132,-0.213,0.539,44625,HOLD
80.89599,4,-0.803,0.132,-0.21,0.54,232259,HOLD
80.93866,4,-0.804,0.13,-0.207,0.54,144428,HOLD
80.98132,4,-0.806,0.124,-0.208,0.539,26325,HOLD
81.02399,4,-0.806,0.121,-0.21,0.539,49403,HOLD
81.06664,4,-0.805,0.122,-0.212,0.539,18996,HOLD
81.10932,4,-0.802,0.124,-0.212,0.543,3752,NONE
81.15199,4,-0.803,0.113,-0.221,0.541,16698,NONE
81.17331,4,-0.802,0.119,-0.219,0.542,4386,NONE
81.21599,4,-0.802,0.121,-0.219,0.542,4546,NONE
81.25866,4,-0.802,0.122,-0.219,0.54,9667,NONE
81.45066,4,-0.803,0.125,-0.216,0.539,25039,NONE
81.49331,4,-0.803,0.125,-0.215,0.54,105837,START
81.51465,4,-0.804,0.126,-0.212,0.54,125,HOLD
81.55733,4,-0.805,0.12,-0.211,0.54,19007,HOLD
81.59998,4,-0.806,0.115,-0.213,0.539,8852,HOLD
81.64265,4,-0.805,0.108,-0.216,0.539,36570,NONE
81.68533,4,-0.805,0.096,-0.227,0.539,39507,NONE
81.72798,4,-0.806,0.088,-0.234,0.535,49100,NONE
81.77066,4,-0.806,0.089,-0.235,0.535,2213,NONE
81.81331,4,-0.807,0.088,-0.237,0.533,21294,NONE
81.85599,4,-0.807,0.088,-0.238,0.532,30006,NONE
81.98399,4,-0.806,0.091,-0.237,0.532,24740,NONE
82.02664,4,-0.806,0.091,-0.237,0.532,9188,NONE
82.06932,4,-0.807,0.093,-0.237,0.532,116153,NONE
82.11199,4,-0.807,0.095,-0.233,0.532,105419,HOLD
82.13331,4,-0.807,0.095,-0.232,0.533,10879,HOLD
82.17599,4,-0.808,0.091,-0.232,0.532,37496,HOLD
82.21866,4,-0.809,0.092,-0.234,0.53,25827,HOLD
82.26131,4,-0.807,0.091,-0.235,0.532,21502,NONE
82.30399,4,-0.807,0.082,-0.241,0.532,10021,NONE
82.34664,4,-0.808,0.076,-0.246,0.529,54852,NONE
82.38932,4,-0.808,0.075,-0.234,0.527,8711,NONE
82.432,4,-0.807,0.105,-0.227,0.534,49846,NONE
82.55997,2,-0.79,0.208,-0.153,0.554,1811,NONE
82.60265,2,-0.796,0.192,-0.164,0.549,32668,NONE
82.62399,2,-0.798,0.186,-0.169,0.547,24237,NONE
82.66664,2,-0.807,0.13,-0.194,0.537,43499,NONE
82.70932,2,-0.819,0.046,-0.26,0.508,13031,NONE
82.752,2,-0.819,-0.007,-0.295,0.49,48796,NONE
82.79465,2,-0.818,-0.016,-0.302,0.488,253660,HOLD
82.83733,2,-0.818,-0.007,-0.295,0.492,37992,HOLD
82.87997,2,-0.818,-0.002,-0.287,0.497,9526,HOLD
82.92265,2,-0.819,0,-0.285,0.497,20461,HOLD
82.94399,2,-0.818,-0.006,-0.293,0.493,6224,HOLD
82.98664,2,-0.817,-0.009,-0.296,0.493,3750,HOLD
83.02932,2,-0.816,-0.007,-0.299,0.493,24482,HOLD
83.072,2,-0.817,-0.001,-0.298,0.493,26306,HOLD
83.15733,3,-0.817,0.023,-0.284,0.499,13976,NONE
83.19997,3,-0.817,0.049,-0.27,0.506,7848,NONE
83.24265,3,-0.816,0.06,-0.261,0.51,128138,START
83.28533,3,-0.815,0.072,-0.251,0.515,90234,HOLD
83.32798,3,-0.816,0.072,-0.247,0.517,64663,HOLD
83.37066,3,-0.815,0.082,-0.241,0.519,6629,HOLD
83.41331,3,-0.809,0.1,-0.234,0.527,6969,HOLD
83.43465,3,-0.81,0.089,-0.242,0.527,8125,HOLD
83.49866,3,-0.811,0.078,-0.252,0.521,1167,HOLD
83.54131,3,-0.812,0.069,-0.258,0.52,2748,END
83.58399,3,-0.813,0.052,-0.269,0.514,17124,NONE
83.712,2,-0.816,0.01,-0.296,0.495,49696,NONE
83.73331,2,-0.815,0.012,-0.295,0.497,194596,START
83.77599,2,-0.815,0.012,-0.295,0.497,124564,HOLD
83.81866,2,-0.816,0.016,-0.289,0.499,107422,HOLD
83.86131,2,-0.816,0.012,-0.288,0.5,14879,HOLD
83.90399,2,-0.816,0.013,-0.289,0.499,56314,HOLD
83.94665,2,-0.815,0.011,-0.29,0.501,14814,HOLD
83.98932,2,-0.815,0.008,-0.292,0.5,4676,NONE
84.032,2,-0.815,0.007,-0.294,0.498,4080,NONE
84.07465,2,-0.815,-0.016,-0.305,0.491,15590,NONE
84.09599,2,-0.815,-0.034,-0.319,0.483,5987,NONE
84.26665,1,-0.811,-0.078,-0.345,0.463,232247,START
84.30932,1,-0.811,-0.07,-0.339,0.47,178526,HOLD
84.352,1,-0.812,-0.063,-0.335,0.473,37598,HOLD
84.37331,1,-0.812,-0.062,-0.332,0.474,106026,HOLD
84.41599,1,-0.814,-0.064,-0.333,0.469,34839,HOLD
84.45866,1,-0.813,-0.07,-0.338,0.467,2192,END
84.50131,1,-0.812,-0.069,-0.338,0.469,2711,NONE
84.54399,1,-0.812,-0.07,-0.342,0.467,11441,NONE
84.58665,1,-0.812,-0.071,-0.343,0.466,733,NONE
84.62932,1,-0.812,-0.076,-0.347,0.462,3861,NONE
84.672,1,-0.812,-0.078,-0.348,0.461,20926,NONE
84.69331,1,-0.811,-0.083,-0.35,0.459,6285,NONE
84.92798,1,-0.81,-0.08,-0.349,0.461,28724,NONE
84.97066,1,-0.811,-0.077,-0.347,0.463,200460,HOLD
85.01331,1,-0.811,-0.077,-0.346,0.464,38677,HOLD
85.03465,1,-0.81,-0.078,-0.347,0.465,8985,HOLD
85.07732,1,-0.81,-0.078,-0.347,0.465,18620,END
85.11998,1,-0.809,-0.084,-0.353,0.462,5366,NONE
85.16265,1,-0.808,-0.081,-0.352,0.464,6743,NONE
85.18399,1,-0.807,-0.08,-0.352,0.465,14343,NONE
85.22665,1,-0.807,-0.08,-0.352,0.465,10916,NONE
85.26932,1,-0.808,-0.074,-0.349,0.467,18308,NONE
85.312,1,-0.809,-0.058,-0.34,0.472,13797,NONE
85.43998,2,-0.812,0.013,-0.295,0.502,28977,NONE
85.48265,2,-0.828,0.011,-0.295,0.502,9818,NONE
85.50399,2,-0.812,0.01,-0.296,0.501,141733,NONE
85.58932,2,-0.812,0.011,-0.295,0.501,17342,HOLD
85.61066,2,-0.813,0.012,-0.292,0.502,381870,HOLD
85.65331,2,-0.814,0.005,-0.294,0.5,17654,HOLD
85.69598,2,-0.814,-0.014,-0.298,0.497,565,NONE
85.73866,2,-0.812,0,-0.3,0.498,9377,NONE
85.78132,2,-0.812,0.005,-0.3,0.499,13382,NONE
85.82399,2,-0.811,0.01,-0.299,0.501,3694,NONE
85.84533,2,-0.81,0.022,-0.294,0.504,1755,NONE
85.97331,3,-0.808,0.058,-0.273,0.517,13433,NONE
86.01598,3,-0.807,0.071,-0.251,0.52,15651,NONE
86.05866,3,-0.807,0.075,-0.262,0.523,10959,NONE
86.10132,3,-0.807,0.075,-0.262,0.522,43416,NONE
86.14399,3,-0.807,0.076,-0.261,0.523,133488,HOLD
86.18665,3,-0.807,0.077,-0.258,0.524,43677,HOLD
86.22932,3,-0.808,0.072,-0.258,0.523,6924,END
86.272,3,-0.807,0.069,-0.262,0.524,13057,NONE
86.29331,3,-0.806,0.066,-0.263,0.525,50849,NONE
86.33598,3,-0.806,0.065,-0.265,0.524,4043,NONE
86.37866,3,-0.805,0.066,-0.266,0.524,1845,NONE
86.42132,3,-0.806,0.067,-0.266,0.523,10980,NONE
86.57066,3,-0.805,0.069,-0.266,0.524,3601,NONE
86.61331,3,-0.805,0.07,-0.265,0.524,47376,NONE
86.63465,3,-0.805,0.071,-0.265,0.525,98295,NONE
86.67732,3,-0.806,0.073,-0.262,0.525,51510,NONE
86.71998,3,-0.806,0.074,-0.26,0.525,214934,START
86.76265,3,-0.806,0.074,-0.257,0.526,6631,HOLD
86.78399,3,-0.808,0.068,-0.261,0.523,285,END
86.82664,3,-0.806,0.068,-0.262,0.524,703,NONE
86.86932,3,-0.806,0.063,-0.264,0.525,16114,NONE
86.91199,3,-0.806,0.063,-0.266,0.523,0,NONE
86.95465,3,-0.807,0.06,-0.27,0.521,10881,NONE
86.99732,3,-0.808,0.05,-0.278,0.516,1859,NONE
87.14664,2,-0.81,0.024,-0.295,0.506,8426,NONE
87.18932,2,-0.81,0.026,-0.294,0.506,16048,NONE
87.25331,2,-0.81,0.029,-0.292,0.507,228220,START
87.29599,2,-0.81,0.03,-0.289,0.508,17838,HOLD
87.33866,2,-0.811,0.027,-0.29,0.506,139,HOLD
87.35998,2,-0.811,0.027,-0.293,0.504,7646,NONE
87.40266,2,-0.81,0.022,-0.295,0.505,1398,NONE
87.44533,2,-0.81,0.02,-0.297,0.503,25281,NONE
87.48798,2,-0.81,0.022,-0.299,0.503,25923,NONE
87.53065,2,-0.81,0.021,-0.3,0.502,10168,NONE
87.57331,2,-0.81,0.022,-0.299,0.502,9923,NONE
87.59465,2,-0.811,0.022,-0.299,0.501,5677,NONE
87.72266,2,-0.81,0.021,-0.299,0.503,6482,NONE
87.74399,2,-0.809,0.022,-0.298,0.504,66482,NONE
87.78664,2,-0.809,0.022,-0.297,0.505,21419,NONE
87.82932,2,-0.809,0.023,-0.295,0.506,100699,START
87.87199,2,-0.81,0.026,-0.291,0.507,4612,HOLD
87.91465,2,-0.811,0.023,-0.29,0.507,2474,HOLD
87.95732,2,-0.811,0.02,-0.294,0.503,12173,NONE
88.02132,2,-0.81,0.007,-0.301,0.502,4461,NONE
88.06399,2,-0.81,-0.005,-0.313,0.496,21638,NONE
88.08533,2,-0.81,-0.018,-0.322,0.491,21516,NONE
88.12798,2,-0.81,-0.039,-0.334,0.483,25041,NONE
88.17065,2,-0.807,-0.07,-0.354,0.466,5238,NONE
88.31998,1,-0.807,-0.072,-0.354,0.465,25366,NONE
88.36266,1,-0.807,-0.071,-0.354,0.466,176702,START
88.38399,1,-0.808,-0.067,-0.35,0.468,23268,HOLD
88.42664,1,-0.81,-0.061,-0.342,0.471,13374,HOLD
88.46932,1,-0.81,-0.063,-0.345,0.468,732,HOLD
88.51199,1,-0.809,-0.068,-0.347,0.468,7278,NONE
88.55465,1,-0.808,-0.068,-0.349,0.468,17731,NONE
88.59732,1,-0.808,-0.068,-0.35,0.468,8328,NONE
88.63998,1,-0.808,-0.069,-0.352,0.466,13007,NONE
88.68266,1,-0.808,-0.069,-0.352,0.465,11038,NONE
88.70399,1,-0.808,-0.069,-0.353,0.465,11646,NONE
88.89599,1,-0.807,-0.065,-0.351,0.468,31893,NONE
88.91733,1,-0.807,-0.064,-0.349,0.469,282342,START
88.95998,1,-0.808,-0.062,-0.348,0.47,17127,HOLD
89.00266,1,-0.808,-0.059,-0.344,0.471,3204,HOLD
89.04533,1,-0.81,-0.056,-0.339,0.473,20218,HOLD
89.08798,1,-0.812,-0.061,-0.343,0.467,14570,HOLD
89.10932,1,-0.81,-0.071,-0.346,0.465,5630,HOLD
89.15199,1,-0.809,-0.08,-0.354,0.461,37185,NONE
89.19465,1,-0.806,-0.099,-0.365,0.453,25288,NONE
89.23733,1,-0.803,-0.124,-0.38,0.44,3382,NONE
89.27998,1,-0.801,-0.138,-0.388,0.433,5217,NONE
89.32265,1,-0.798,-0.154,-0.395,0.427,38466,NONE
89.98399,2,-0.811,0.021,-0.306,0.497,5223,NONE
90.00533,2,-0.811,0.023,-0.306,0.496,38892,NONE
90.04798,2,-0.811,0.026,-0.304,0.497,44809,NONE
90.09066,2,-0.812,0.028,-0.302,0.497,144047,HOLD
90.13331,2,-0.812,0.028,-0.301,0.498,27387,HOLD
90.17599,2,-0.812,0.024,-0.3,0.498,5380,HOLD
90.21866,2,-0.815,0.021,-0.302,0.493,3577,HOLD
90.26131,2,-0.813,0.017,-0.304,0.495,39681,NONE
90.30399,2,-0.811,0.022,-0.302,0.499,37710,NONE
90.34664,2,-0.81,0.038,-0.296,0.504,4453,NONE
90.38932,2,-0.808,0.054,-0.286,0.509,28146,NONE
90.432,2,-0.805,0.087,-0.265,0.522,57600,NONE
90.58131,4,-0.799,0.137,-0.236,0.534,16581,NONE
90.62399,4,-0.798,0.143,-0.233,0.535,34482,NONE
90.64533,4,-0.798,0.144,-0.233,0.536,266099,START
90.68798,4,-0.797,0.149,-0.23,0.537,73102,HOLD
90.73066,4,-0.796,0.152,-0.226,0.539,118609,HOLD
90.77331,4,-0.795,0.156,-0.224,0.54,48783,HOLD
90.79465,4,-0.787,0.181,-0.209,0.549,2961,END
90.83733,4,-0.786,0.187,-0.206,0.552,3246,NONE
90.87997,4,-0.789,0.173,-0.217,0.547,5401,NONE
90.92265,4,-0.788,0.171,-0.223,0.545,194,NONE
90.96533,4,-0.788,0.172,-0.224,0.545,36935,NONE
91.00798,4,-0.789,0.171,-0.226,0.543,39984,NONE
91.73331,4,-0.793,0.148,-0.228,0.543,28490,HOLD
91.77599,4,-0.794,0.149,-0.225,0.543,0,HOLD
91.81866,4,-0.796,0.14,-0.229,0.541,5351,HOLD
91.86131,4,-0.798,0.13,-0.237,0.537,5143,HOLD
91.90399,4,-0.796,0.132,-0.238,0.54,49284,NONE
91.94665,4,-0.796,0.123,-0.244,0.539,15755,NONE
91.98932,4,-0.8,0.095,-0.263,0.531,21172,NONE
92.032,4,-0.804,0.062,-0.293,0.52,3057,NONE
92.05331,4,-0.807,0.028,-0.306,0.502,3563,NONE
92.09599,4,-0.808,0.009,-0.316,0.495,32373,NONE
92.15998,4,-0.808,0.001,-0.321,0.493,6032,NONE
92.30932,2,-0.808,0.01,-0.315,0.496,111999,NONE
92.352,2,-0.809,0.015,-0.31,0.498,133310,NONE
92.37331,2,-0.809,0.018,-0.307,0.499,165123,HOLD
92.41599,2,-0.809,0.022,-0.304,0.501,15813,HOLD
92.45866,2,-0.811,0.022,-0.305,0.498,13718,HOLD
92.50131,2,-0.81,0.02,-0.306,0.499,17739,END
92.54399,2,-0.808,0.009,-0.316,0.495,11432,NONE
92.58665,2,-0.808,0.005,-0.319,0.493,57379,NONE
92.62932,2,-0.809,-0.033,-0.343,0.475,6176,NONE
92.672,2,-0.807,-0.062,-0.36,0.461,13702,NONE
92.69331,2,-0.804,-0.102,-0.381,0.444,13227,NONE
94.50665,2,-0.808,0.018,-0.315,0.495,20106,NONE
94.54932,2,-0.808,0.019,-0.315,0.496,28197,NONE
94.592,2,-0.808,0.02,-0.313,0.497,17651,HOLD
94.61331,2,-0.808,0.02,-0.31,0.498,79725,HOLD
94.65598,2,-0.809,0.016,-0.31,0.498,642,HOLD
94.69866,2,-0.809,0.011,-0.312,0.496,4266,END
94.74132,2,-0.808,0.011,-0.313,0.498,43672,NONE
94.78399,2,-0.808,0.009,-0.313,0.497,47337,NONE
94.82664,2,-0.808,0.013,-0.314,0.497,11286,NONE
94.86932,2,-0.808,0.027,-0.307,0.5,26790,NONE
94.93331,2,-0.806,0.053,-0.293,0.509,10434,NONE
95.08266,4,-0.8,0.108,-0.261,0.528,13377,NONE
95.10399,4,-0.799,0.112,-0.259,0.529,140686,NONE
95.16798,4,-0.799,0.112,-0.259,0.529,24879,NONE
95.21066,4,-0.799,0.115,-0.256,0.53,161949,HOLD
95.25331,4,-0.798,0.12,-0.251,0.533,19390,HOLD
95.27465,4,-0.797,0.128,-0.241,0.536,23219,HOLD
95.31732,4,-0.796,0.132,-0.238,0.539,9057,HOLD
95.35998,4,-0.792,0.148,-0.23,0.544,46538,NONE
95.40266,4,-0.79,0.145,-0.23,0.547,11340,NONE
95.42399,4,-0.792,0.137,-0.242,0.542,949,NONE
95.46664,4,-0.792,0.141,-0.243,0.541,1226,NONE
95.50932,4,-0.792,0.142,-0.243,0.54,10370,NONE
95.55199,4,-0.792,0.141,-0.244,0.54,37952,NONE
95.59465,4,-0.792,0.14,-0.244,0.54,3534,NONE
96.29866,4,-0.794,0.132,-0.241,0.539,26548,NONE
96.34132,4,-0.794,0.129,-0.24,0.541,18194,NONE
96.38399,4,-0.792,0.126,-0.245,0.545,6301,NONE
96.42664,4,-0.792,0.125,-0.248,0.542,66317,NONE
96.46932,4,-0.793,0.126,-0.248,0.541,4695,NONE
96.51199,4,-0.794,0.129,-0.246,0.539,2921,NONE
96.53331,4,-0.794,0.129,-0.246,0.539,10634,NONE
96.57599,4,-0.795,0.127,-0.247,0.538,6227,NONE
96.61866,4,-0.796,0.12,-0.251,0.536,1236,NONE
96.66132,4,-0.802,0.091,-0.269,0.523,19585,NONE
96.70399,4,-0.804,0.069,-0.284,0.515,7870,NONE
96.85331,2,-0.807,0.02,-0.327,0.5,189743,HOLD
96.89599,2,-0.807,0.016,-0.316,0.497,107693,HOLD
96.93866,2,-0.809,0.009,-0.313,0.497,70353,HOLD
96.98132,2,-0.809,0,-0.321,0.492,1987,HOLD
97.02399,2,-0.807,0,-0.321,0.494,12820,NONE
97.06664,2,-0.807,0.002,-0.322,0.494,12645,NONE
97.10932,2,-0.807,0.005,-0.321,0.494,33033,NONE
97.15199,2,-0.808,0.009,-0.319,0.494,1739,NONE
97.17331,2,-0.808,0.014,-0.317,0.494,5183,NONE
97.21599,2,-0.809,0.021,-0.312,0.497,2897,NONE
97.25866,2,-0.808,0.039,-0.301,0.504,2322,NONE
97.30132,2,-0.807,0.056,-0.29,0.51,68497,NONE
97.42932,3,-0.803,0.095,-0.265,0.524,46479,NONE
97.47199,3,-0.802,0.102,-0.26,0.526,16088,HOLD
97.49331,3,-0.802,0.102,-0.257,0.528,49196,HOLD
97.53599,3,-0.804,0.092,-0.263,0.524,5984,HOLD
97.57866,3,-0.801,0.091,-0.264,0.527,5249,NONE
97.62132,3,-0.801,0.087,-0.267,0.527,4679,NONE
97.66399,3,-0.801,0.09,-0.269,0.525,20458,NONE
97.70664,3,-0.802,0.08,-0.273,0.522,17795,NONE
97.74932,3,-0.806,0.055,-0.293,0.509,1609,NONE
97.79199,3,-0.808,0.032,-0.306,0.5,11837,NONE
97.83465,3,-0.808,-0.017,-0.336,0.483,11656,NONE
97.98399,1,-0.806,-0.031,-0.343,0.479,205208,NONE
98.02664,1,-0.807,-0.031,-0.341,0.48,3704,HOLD
98.06932,1,-0.806,-0.031,-0.341,0.481,32234,HOLD
98.11199,1,-0.807,-0.033,-0.341,0.479,23398,HOLD
98.15465,1,-0.806,-0.044,-0.347,0.475,6953,HOLD
98.19733,1,-0.806,-0.045,-0.349,0.475,1994,NONE
98.23997,1,-0.805,-0.044,-0.351,0.475,45171,NONE
98.28265,1,-0.805,-0.042,-0.352,0.474,6849,NONE
98.30399,1,-0.806,-0.035,-0.348,0.475,20560,NONE
98.34664,1,-0.807,-0.028,-0.344,0.477,49049,NONE
98.58131,2,-0.803,0.05,-0.297,0.513,154281,START
98.62399,2,-0.803,0.05,-0.297,0.513,61065,HOLD
98.64533,2,-0.803,0.053,-0.293,0.515,84364,HOLD
98.68798,2,-0.805,0.051,-0.294,0.511,8300,END
98.73066,2,-0.804,0.048,-0.295,0.513,14427,NONE
98.77331,2,-0.803,0.049,-0.295,0.513,50050,NONE
98.79465,2,-0.804,0.049,-0.296,0.512,34114,NONE
98.83733,2,-0.805,0.049,-0.297,0.51,20474,NONE
98.87997,2,-0.807,0.039,-0.302,0.505,18231,NONE
98.94399,2,-0.808,0.01,-0.319,0.496,9608,NONE
98.96533,2,-0.808,-0.033,-0.345,0.474,6753,NONE
100.2666,2,-0.808,0.037,-0.307,0.5,22695,NONE
100.3093,2,-0.808,0.048,-0.302,0.502,26042,NONE
100.352,2,-0.807,0.05,-0.302,0.503,0,NONE
100.3946,2,-0.808,0.05,-0.301,0.503,183541,NONE
100.4587,2,-0.807,0.052,-0.297,0.505,23826,HOLD
100.5013,2,-0.809,0.061,-0.301,0.5,34237,END
100.544,2,-0.807,0.043,-0.303,0.503,2530,NONE
100.5866,2,-0.806,0.041,-0.305,0.504,11643,NONE
100.608,2,-0.806,0.038,-0.308,0.503,22045,NONE
100.6507,2,-0.807,0.021,-0.319,0.495,9260,NONE
100.6933,2,-0.808,0,-0.333,0.485,839,NONE
100.736,2,-0.807,-0.025,-0.348,0.474,184,NONE
100.864,1,-0.805,-0.04,-0.359,0.469,12594,NONE
100.8853,1,-0.805,-0.041,-0.36,0.468,63515,NONE
100.928,1,-0.805,-0.039,-0.358,0.47,38175,NONE
100.9707,1,-0.806,-0.035,-0.354,0.472,22474,HOLD
101.0133,1,-0.806,-0.032,-0.351,0.473,22876,HOLD
101.0346,1,-0.808,-0.035,-0.352,0.469,8426,END
101.0773,1,-0.806,-0.038,-0.356,0.47,7478,NONE
101.12,1,-0.806,-0.036,-0.355,0.471,4389,NONE
101.1627,1,-0.806,-0.026,-0.351,0.475,46782,NONE
101.2053,1,-0.806,-0.011,-0.344,0.479,2365,NONE
101.2266,1,-0.806,0.007,-0.333,0.484,21271,NONE
101.2907,1,-0.806,0.038,-0.314,0.5,15377,NONE
101.44,3,-0.802,0.106,-0.272,0.52,0,NONE
101.4827,3,-0.802,0.11,-0.268,0.522,44266,NONE
101.5466,3,-0.801,0.112,-0.265,0.522,71153,HOLD
101.568,3,-0.802,0.11,-0.264,0.524,4594,HOLD
101.6107,3,-0.801,0.106,-0.268,0.523,3465,NONE
101.6533,3,-0.799,0.104,-0.269,0.525,7262,NONE
101.696,3,-0.8,0.102,-0.272,0.524,15271,NONE
101.7387,3,-0.799,0.103,-0.273,0.524,7052,NONE
101.7813,3,-0.8,0.099,-0.277,0.522,10197,NONE
101.824,3,-0.801,0.091,-0.296,0.518,18576,NONE
101.8666,3,-0.806,0.055,-0.305,0.505,3680,NONE
102.016,2,-0.808,0.048,-0.308,0.499,62730,NONE
102.0587,2,-0.808,0.049,-0.307,0.499,93478,HOLD
102.1013,2,-0.808,0.05,-0.304,0.501,28700,HOLD
102.144,2,-0.808,0.046,-0.306,0.5,4705,END
102.1866,2,-0.807,0.051,-0.304,0.502,7499,NONE
102.2293,2,-0.806,0.049,-0.307,0.502,1944,NONE
102.2507,2,-0.806,0.052,-0.306,0.503,2581,NONE
102.2933,2,-0.806,0.06,-0.302,0.504,27070,NONE
102.336,2,-0.806,0.073,-0.292,0.508,2463,NONE
102.3787,2,-0.803,0.098,-0.277,0.518,14024,NONE
102.4213,2,-0.8,0.113,-0.267,0.523,0,NONE
102.464,2,-0.797,0.135,-0.256,0.529,21113,NONE
102.592,4,-0.791,0.167,-0.231,0.54,32756,NONE
102.6133,4,-0.791,0.168,-0.23,0.54,47957,HOLD
102.656,4,-0.792,0.162,-0.232,0.539,16967,HOLD
102.72,4,-0.794,0.159,-0.234,0.536,16714,END
102.7626,4,-0.789,0.159,-0.235,0.543,258,NONE
102.8053,4,-0.79,0.156,-0.241,0.54,1302,NONE
102.848,4,-0.788,0.162,-0.238,0.542,19177,NONE
102.8907,4,-0.787,0.169,-0.235,0.544,20330,NONE
102.9333,4,-0.787,0.172,-0.233,0.543,2040,NONE
102.9547,4,-0.786,0.179,-0.23,0.544,17838,NONE
103.0187,4,-0.785,0.186,-0.226,0.545,3379,NONE
103.168,4,-0.784,0.191,-0.221,0.546,30466,NONE
103.2107,4,-0.784,0.192,-0.219,0.546,207285,START
103.2533,4,-0.784,0.192,-0.219,0.546,176987,HOLD
103.2747,4,-0.784,0.187,-0.219,0.548,4839,HOLD
103.3173,4,-0.786,0.179,-0.223,0.546,18900,END
103.36,4,-0.784,0.183,-0.223,0.548,279,NONE
103.4027,4,-0.783,0.182,-0.224,0.55,4287,NONE
103.4453,4,-0.784,0.18,-0.226,0.548,5177,NONE
103.488,4,-0.784,0.177,-0.228,0.547,1454,NONE
103.5093,4,-0.792,0.154,-0.243,0.537,12229,NONE
103.552,4,-0.8,0.101,-0.272,0.522,3494,NONE
103.5947,4,-0.803,0.08,-0.292,0.514,12759,NONE
103.7227,2,-0.807,0.01,-0.333,0.486,396,NONE
103.7653,2,-0.807,0.005,-0.335,0.485,49491,NONE
103.808,2,-0.807,0.007,-0.333,0.486,714,HOLD
103.8507,2,-0.807,0.009,-0.329,0.488,7728,HOLD
103.8933,2,-0.807,0.01,-0.327,0.489,1089,HOLD
103.936,2,-0.807,0.011,-0.328,0.489,3534,NONE
103.9787,2,-0.806,0.011,-0.329,0.49,25944,NONE
104.0213,2,-0.807,0.012,-0.329,0.489,3138,NONE
104.064,2,-0.807,0.015,-0.329,0.489,1659,NONE
104.0853,2,-0.807,0.018,-0.328,0.488,22045,NONE
104.128,2,-0.808,0.023,-0.326,0.489,10312,NONE
104.1707,2,-0.808,0.031,-0.321,0.492,33366,NONE
104.2773,3,-0.805,0.084,-0.289,0.51,32154,NONE
104.32,3,-0.804,0.093,-0.28,0.515,219895,START
104.3627,3,-0.803,0.106,-0.273,0.518,48301,HOLD
104.4053,3,-0.801,0.117,-0.265,0.523,79019,HOLD
104.448,3,-0.802,0.114,-0.266,0.521,13257,HOLD
104.4693,3,-0.802,0.113,-0.267,0.521,8818,END
104.512,3,-0.8,0.111,-0.272,0.52,506,NONE
104.5546,3,-0.801,0.105,-0.28,0.518,17270,NONE
104.5973,3,-0.801,0.099,-0.285,0.5,10484,NONE
104.64,3,-0.803,0.083,-0.295,0.512,5518,NONE
104.6827,3,-0.807,0.038,-0.323,0.491,8240,NONE
104.704,3,-0.807,-0.003,-0.349,0.477,3177,NONE
104.896,1,-0.805,-0.046,-0.37,0.46,24836,NONE
104.9387,1,-0.805,-0.05,-0.372,0.458,71358,NONE
104.9813,1,-0.805,-0.047,-0.372,0.459,107001,HOLD
105.024,1,-0.806,-0.031,-0.359,0.467,69350,HOLD
105.0453,1,-0.806,-0.014,-0.347,0.476,6165,HOLD
105.088,1,-0.807,-0.019,-0.351,0.473,839,HOLD
105.1307,1,-0.806,-0.02,-0.351,0.475,5577,NONE
105.1733,1,-0.806,-0.019,-0.35,0.475,13486,NONE
105.1946,1,-0.806,-0.017,-0.35,0.476,6820,NONE
105.2373,1,-0.806,-0.016,-0.349,0.477,1936,NONE
105.28,1,-0.806,-0.01,-0.345,0.479,5827,NONE
105.3227,1,-0.806,0.004,-0.339,0.483,36943,NONE
105.472,2,-0.805,0.045,-0.313,0.501,67936,HOLD
105.5146,2,-0.805,0.053,-0.306,0.504,68218,HOLD
105.536,2,-0.805,0.057,-0.302,0.507,26578,HOLD
105.6,2,-0.805,0.052,-0.305,0.506,16296,HOLD
105.6213,2,-0.805,0.053,-0.306,0.505,22200,NONE
105.664,2,-0.803,0.048,-0.31,0.505,1384,NONE
105.7066,2,-0.804,0.045,-0.311,0.504,5156,NONE
105.7493,2,-0.804,0.042,-0.313,0.502,15263,NONE
105.792,2,-0.804,0.036,-0.318,0.499,9558,NONE
105.8133,2,-0.805,0.032,-0.32,0.498,15731,NONE
105.856,2,-0.806,-0.011,-0.345,0.478,184,NONE
107.712,2,-0.803,0.015,-0.32,0.501,33898,NONE
107.7333,2,-0.803,0.016,-0.317,0.502,21129,NONE
107.776,2,-0.804,0.018,-0.314,0.503,14091,NONE
107.84,2,-0.806,0.023,-0.308,0.504,22802,HOLD
107.8827,2,-0.808,0.018,-0.307,0.5,4048,END
107.9253,2,-0.808,0.018,-0.309,0.5,860,NONE
107.968,2,-0.807,0.023,-0.306,0.503,27464,NONE
108.0107,2,-0.807,0.029,-0.303,0.504,14892,NONE
108.0533,2,-0.807,0.032,-0.302,0.505,20927,NONE
108.096,2,-0.807,0.051,-0.29,0.509,26006,NONE
108.1387,2,-0.806,0.084,-0.268,0.518,11227,NONE
108.2666,3,-0.805,0.11,-0.251,0.524,38519,NONE
108.3093,3,-0.805,0.113,-0.249,0.524,271500,START
108.352,3,-0.805,0.114,-0.247,0.525,38759,HOLD
108.3733,3,-0.806,0.115,-0.243,0.526,43456,HOLD
108.416,3,-0.807,0.109,-0.245,0.524,4773,HOLD
108.4587,3,-0.808,0.105,-0.247,0.523,3401,END
108.5013,3,-0.808,0.104,-0.248,0.522,9086,NONE
108.544,3,-0.805,0.107,-0.248,0.527,13199,NONE
108.5653,3,-0.806,0.096,-0.257,0.523,3941,NONE
108.608,3,-0.808,0.079,-0.268,0.517,27353,NONE
108.6507,3,-0.812,0.021,-0.304,0.5,14873,NONE
108.6933,3,-0.812,-0.011,-0.315,0.49,4589,NONE
108.8853,2,-0.81,-0.018,-0.326,0.486,1755,NONE
108.928,2,-0.81,-0.017,-0.326,0.486,54601,NONE
108.9707,2,-0.81,-0.007,-0.32,0.489,146321,NONE
109.0133,2,-0.811,0,-0.316,0.491,46157,HOLD
109.0773,2,-0.812,0.001,-0.313,0.491,10178,HOLD
109.0987,2,-0.813,0,-0.315,0.487,9214,NONE
109.1413,2,-0.811,-0.004,-0.32,0.488,6207,NONE
109.184,2,-0.811,-0.003,-0.322,0.487,38279,NONE
109.2266,2,-0.81,-0.004,-0.324,0.486,7669,NONE
109.2693,2,-0.811,-0.023,-0.337,0.477,19065,NONE
109.312,2,-0.81,-0.036,-0.346,0.473,10139,NONE
109.3333,2,-0.809,-0.05,-0.354,0.465,36042,NONE
109.4613,1,-0.808,-0.064,-0.362,0.459,69800,NONE
109.504,1,-0.808,-0.062,-0.361,0.46,124065,START
109.5253,1,-0.808,-0.061,-0.36,0.46,62868,HOLD
109.568,1,-0.809,-0.054,-0.355,0.463,87898,HOLD
109.6107,1,-0.811,-0.048,-0.35,0.465,341,HOLD
109.6533,1,-0.811,-0.048,-0.351,0.465,10940,NONE
109.696,1,-0.81,-0.047,-0.352,0.464,22019,NONE
109.7387,1,-0.809,-0.049,-0.354,0.465,50970,NONE
109.7813,1,-0.809,-0.05,-0.355,0.464,4962,NONE
109.824,1,-0.809,-0.051,-0.355,0.464,3816,NONE
109.8453,1,-0.809,-0.051,-0.354,0.464,16663,NONE
110.016,1,-0.809,-0.05,-0.353,0.466,27742,NONE
110.0373,1,-0.809,-0.05,-0.353,0.466,511,NONE
110.08,1,-0.809,-0.049,-0.352,0.467,284246,START
110.1227,1,-0.809,-0.048,-0.349,0.468,115323,HOLD
110.1653,1,-0.811,-0.042,-0.343,0.47,7079,HOLD
110.208,1,-0.811,-0.042,-0.343,0.47,8086,END
110.2293,1,-0.811,-0.043,-0.346,0.467,999,NONE
110.272,1,-0.809,-0.045,-0.347,0.47,44045,NONE
110.3147,1,-0.809,-0.044,-0.346,0.471,802,NONE
110.3573,1,-0.809,-0.036,-0.344,0.474,2436,NONE
110.4,1,-0.809,-0.026,-0.339,0.478,743,NONE
110.4426,1,-0.81,-0.01,-0.329,0.484,2572,NONE
110.592,2,-0.811,0.024,-0.306,0.495,60730,NONE
110.6133,2,-0.811,0.024,-0.306,0.496,128886,START
110.656,2,-0.812,0.025,-0.305,0.496,80753,HOLD
110.6987,2,-0.812,0.028,-0.3,0.498,30620,HOLD
110.7413,2,-0.812,0.024,-0.302,0.497,5785,HOLD
110.784,2,-0.812,0.024,-0.302,0.498,6972,HOLD
110.8266,2,-0.811,0.026,-0.301,0.499,20010,NONE
110.848,2,-0.811,0.028,-0.3,0.5,125408,NONE
110.8907,2,-0.81,0.037,-0.296,0.502,7068,NONE
110.9333,2,-0.81,0.047,-0.291,0.504,4239,NONE
110.976,2,-0.809,0.067,-0.279,0.511,5870,NONE
111.0187,2,-0.806,0.099,-0.26,0.519,3342,NONE
111.1466,3,-0.805,0.124,-0.246,0.524,39196,NONE
111.1893,3,-0.807,0.124,-0.244,0.523,240566,START
111.232,3,-0.807,0.125,-0.242,0.523,50375,HOLD
111.2747,3,-0.809,0.116,-0.245,0.521,895,HOLD
111.3173,3,-0.809,0.115,-0.247,0.519,15505,NONE
111.36,3,-0.806,0.114,-0.249,0.524,9430,NONE
111.4027,3,-0.806,0.111,-0.251,0.523,2471,NONE
111.424,3,-0.805,0.112,-0.252,0.523,4959,NONE
111.4666,3,-0.805,0.111,-0.253,0.523,38817,NONE
111.5093,3,-0.806,0.11,-0.253,0.522,2576,NONE
111.552,3,-0.806,0.11,-0.253,0.522,10584,NONE
111.7227,3,-0.807,0.11,-0.253,0.521,49247,NONE
111.744,3,-0.807,0.11,-0.253,0.521,25041,NONE
111.7866,3,-0.807,0.111,-0.252,0.521,223014,START
111.8293,3,-0.808,0.112,-0.249,0.521,18402,HOLD
111.872,3,-0.808,0.112,-0.249,0.521,144,END
111.9146,3,-0.807,0.103,-0.257,0.52,45975,NONE
111.9573,3,-0.805,0.103,-0.261,0.521,1864,NONE
112,3,-0.805,0.109,-0.261,0.52,24487,NONE
112.0427,3,-0.805,0.113,-0.259,0.521,6570,NONE
112.0853,3,-0.804,0.125,-0.252,0.523,1049,NONE
112.128,3,-0.802,0.138,-0.244,0.526,16845,NONE
112.2987,4,-0.791,0.199,-0.204,0.539,51211,NONE
112.32,4,-0.791,0.202,-0.202,0.54,62218,NONE
112.3627,4,-0.791,0.202,-0.201,0.539,6264,NONE
112.4053,4,-0.793,0.197,-0.2,0.538,8911,NONE
112.448,4,-0.795,0.188,-0.207,0.537,5681,NONE
112.4907,4,-0.794,0.185,-0.21,0.538,21105,NONE
112.5333,4,-0.794,0.184,-0.212,0.537,29800,NONE
112.5546,4,-0.793,0.184,-0.215,0.538,3367,NONE
112.8533,4,-0.794,0.187,-0.21,0.537,97381,NONE
112.896,4,-0.795,0.187,-0.207,0.537,141084,NONE
112.9387,4,-0.796,0.186,-0.204,0.538,17768,NONE
112.9813,4,-0.797,0.182,-0.203,0.537,6607,NONE
113.024,4,-0.797,0.176,-0.208,0.536,485,NONE
113.0666,4,-0.796,0.175,-0.21,0.54,11169,NONE
113.088,4,-0.795,0.173,-0.212,0.54,1504,NONE
113.152,4,-0.795,0.172,-0.214,0.54,42852,NONE
113.1733,4,-0.796,0.165,-0.219,0.537,1465,NONE
113.216,4,-0.799,0.156,-0.225,0.534,13223,NONE
113.408,3,-0.809,0.084,-0.275,0.512,5129,NONE
113.4507,3,-0.809,0.087,-0.271,0.512,7728,NONE
113.4933,3,-0.809,0.089,-0.269,0.513,203650,START
113.5573,3,-0.809,0.09,-0.266,0.515,20671,HOLD
113.6,3,-0.81,0.09,-0.266,0.513,170,HOLD
113.6427,3,-0.809,0.088,-0.267,0.515,5797,NONE
113.664,3,-0.809,0.088,-0.267,0.515,4352,NONE
113.7066,3,-0.807,0.085,-0.271,0.516,10761,NONE
113.7493,3,-0.807,0.086,-0.272,0.516,12900,NONE
113.792,3,-0.807,0.085,-0.272,0.516,168,NONE
113.8346,3,-0.807,0.085,-0.272,0.515,14618,NONE
113.8773,3,-0.808,0.084,-0.272,0.515,8408,NONE
114.56,2,-0.808,0.023,-0.307,0.5,42133,NONE
114.6027,2,-0.809,0.024,-0.307,0.5,13649,NONE
114.624,2,-0.81,0.028,-0.302,0.5,66266,NONE
114.6666,2,-0.811,0.029,-0.299,0.501,115811,START
114.7093,2,-0.811,0.028,-0.3,0.5,13391,HOLD
114.752,2,-0.813,0.022,-0.303,0.497,30256,NONE
114.7946,2,-0.811,0.025,-0.304,0.497,33645,NONE
114.8373,2,-0.81,0.023,-0.307,0.497,7281,NONE
114.8587,2,-0.81,0.023,-0.307,0.497,3164,NONE
114.9013,2,-0.81,0.023,-0.308,0.497,1550,NONE
114.944,2,-0.81,0.022,-0.309,0.496,13986,NONE
114.9653,2,-0.811,0.02,-0.309,0.495,4994,NONE
115.6907,1,-0.81,-0.053,-0.346,0.469,261296,START
115.7333,1,-0.811,-0.053,-0.344,0.469,25220,HOLD
115.776,1,-0.812,-0.049,-0.339,0.471,20525,HOLD
115.8187,1,-0.813,-0.048,-0.336,0.471,14019,HOLD
115.84,1,-0.813,-0.05,-0.336,0.47,17270,NONE
115.8827,1,-0.812,-0.055,-0.341,0.468,1818,NONE
115.9253,1,-0.811,-0.054,-0.341,0.47,7603,NONE
115.9466,1,-0.81,-0.054,-0.342,0.47,24684,NONE
115.9893,1,-0.81,-0.054,-0.343,0.471,5846,NONE
116.032,1,-0.81,-0.053,-0.343,0.471,631,NONE
116.0746,1,-0.81,-0.052,-0.342,0.471,34,NONE
117.4187,1,-0.811,-0.026,-0.337,0.475,89301,NONE
117.4613,1,-0.811,-0.025,-0.336,0.476,31454,HOLD
117.504,1,-0.812,-0.028,-0.336,0.474,2911,HOLD
117.5253,1,-0.812,-0.044,-0.343,0.468,6266,HOLD
117.568,1,-0.812,-0.052,-0.352,0.462,463,NONE
117.6107,1,-0.808,-0.069,-0.362,0.458,47816,NONE
117.6533,1,-0.806,-0.075,-0.367,0.456,31553,NONE
117.6747,1,-0.805,-0.079,-0.371,0.455,1393,NONE
117.7387,1,-0.805,-0.075,-0.371,0.455,43,NONE
117.7813,1,-0.805,-0.067,-0.365,0.46,46282,NONE
117.824,1,-0.806,-0.056,-0.36,0.464,46066,NONE
117.9733,2,-0.808,-0.012,-0.334,0.483,108277,NONE
118.016,2,-0.809,-0.007,-0.329,0.485,1009,NONE
118.0587,2,-0.809,-0.005,-0.326,0.486,45342,NONE
118.1013,2,-0.809,-0.003,-0.325,0.488,80042,NONE
118.144,2,-0.809,0,-0.321,0.49,9894,NONE
118.1866,2,-0.808,-0.004,-0.324,0.49,9369,NONE
118.2293,2,-0.807,-0.003,-0.326,0.492,24328,NONE
118.272,2,-0.806,-0.001,-0.326,0.492,13297,NONE
118.2933,2,-0.805,0,-0.325,0.494,12609,NONE
118.336,2,-0.804,0.016,-0.317,0.501,20255,NONE
118.6133,3,-0.799,0.105,-0.263,0.53,26426,NONE
118.656,3,-0.799,0.104,-0.262,0.53,93301,NONE
118.6987,3,-0.8,0.099,-0.264,0.528,8008,NONE
118.7413,3,-0.799,0.1,-0.263,0.529,355,NONE
118.784,3,-0.798,0.102,-0.263,0.531,66125,NONE
118.8266,3,-0.799,0.099,-0.266,0.529,6090,NONE
118.8693,3,-0.798,0.101,-0.265,0.531,13281,NONE
118.912,3,-0.797,0.109,-0.262,0.532,0,NONE
118.9547,3,-0.796,0.117,-0.257,0.533,10900,NONE
119.1253,4,-0.786,0.202,-0.21,0.549,67214,NONE
119.168,4,-0.785,0.195,-0.203,0.551,266755,START
119.2107,4,-0.784,0.2,-0.199,0.551,124455,HOLD
119.2533,4,-0.784,0.2,-0.197,0.552,7062,HOLD
119.296,4,-0.789,0.185,-0.206,0.548,10282,HOLD
119.3387,4,-0.785,0.188,-0.206,0.552,1449,NONE
119.3813,4,-0.786,0.181,-0.214,0.549,27121,NONE
119.424,4,-0.787,0.179,-0.217,0.547,10767,NONE
119.4666,4,-0.79,0.168,-0.225,0.543,8296,NONE
119.5093,4,-0.798,0.135,-0.248,0.534,7638,NONE
119.552,4,-0.799,0.124,-0.256,0.528,19544,NONE
119.68,3,-0.8,0.119,-0.26,0.526,150726,NONE
119.7227,3,-0.8,0.119,-0.259,0.526,46717,HOLD
119.744,3,-0.801,0.119,-0.258,0.526,64953,HOLD
119.7866,3,-0.802,0.117,-0.254,0.526,2773,HOLD
119.8293,3,-0.804,0.107,-0.261,0.522,1387,END
119.8933,3,-0.801,0.109,-0.261,0.527,14605,NONE
119.936,3,-0.802,0.103,-0.265,0.524,10242,NONE
119.9787,3,-0.802,0.102,-0.268,0.522,5742,NONE
120.0213,3,-0.803,0.094,-0.274,0.519,2527,NONE
120.064,3,-0.808,0.054,-0.299,0.503,759,NONE
120.0853,3,-0.809,0.032,-0.313,0.495,10154,NONE
120.256,2,-0.809,0.006,-0.325,0.488,228478,START
120.2987,2,-0.809,0.008,-0.322,0.489,4663,HOLD
120.3627,2,-0.81,0.013,-0.315,0.492,57853,HOLD
120.384,2,-0.81,0.014,-0.313,0.494,17928,HOLD
120.4266,2,-0.811,0.01,-0.316,0.491,1968,HOLD
120.4693,2,-0.81,0.011,-0.315,0.493,8565,NONE
120.512,2,-0.809,0.011,-0.317,0.493,1097,NONE
120.5546,2,-0.808,0.012,-0.319,0.493,3901,NONE
120.5973,2,-0.808,0.009,-0.322,0.491,11313,NONE
120.64,2,-0.809,-0.004,-0.331,0.484,13851,NONE
120.6613,2,-0.808,-0.016,-0.339,0.479,18059,NONE
120.832,1,-0.805,-0.059,-0.364,0.462,83204,NONE
120.8533,1,-0.805,-0.057,-0.364,0.462,18631,NONE
120.896,1,-0.807,-0.05,-0.356,0.466,48194,HOLD
120.9387,1,-0.808,-0.05,-0.355,0.466,6983,HOLD
120.9813,1,-0.808,-0.052,-0.358,0.463,27649,HOLD
121.024,1,-0.806,-0.055,-0.36,0.464,3259,END
121.0666,1,-0.806,-0.056,-0.361,0.464,27978,NONE
121.1093,1,-0.805,-0.052,-0.361,0.466,12223,NONE
121.1307,1,-0.805,-0.05,-0.36,0.467,17832,NONE
121.1733,1,-0.806,-0.038,-0.353,0.47,34804,NONE
121.216,1,-0.807,-0.028,-0.348,0.475,4945,NONE
121.28,1,-0.807,0.001,-0.331,0.488,45922,NONE
121.4507,2,-0.807,0.039,-0.308,0.5,198467,START
121.472,2,-0.807,0.04,-0.306,0.501,63339,HOLD
121.5146,2,-0.807,0.041,-0.304,0.502,51462,HOLD
121.5573,2,-0.808,0.038,-0.304,0.503,73634,HOLD
121.6,2,-0.808,0.036,-0.304,0.502,8607,HOLD
121.6427,2,-0.808,0.035,-0.305,0.5,14075,NONE
121.6853,2,-0.806,0.036,-0.308,0.503,47159,NONE
121.728,2,-0.805,0.039,-0.309,0.503,37808,NONE
121.7707,2,-0.804,0.048,-0.305,0.506,4075,NONE
121.8133,2,-0.804,0.067,-0.295,0.51,22684,NONE
121.8346,2,-0.803,0.084,-0.288,0.514,1355,NONE
121.8987,2,-0.801,0.103,-0.273,0.521,184,NONE
121.984,3,-0.801,0.108,-0.27,0.522,11869,NONE
122.0053,3,-0.801,0.109,-0.268,0.523,75166,NONE
122.048,3,-0.801,0.11,-0.266,0.524,253437,START
122.0907,3,-0.801,0.11,-0.266,0.524,169293,HOLD
122.1333,3,-0.801,0.11,-0.264,0.525,37211,HOLD
122.176,3,-0.802,0.101,-0.268,0.523,2980,HOLD
122.2187,3,-0.8,0.099,-0.27,0.525,25609,NONE
122.2613,3,-0.799,0.097,-0.272,0.526,45336,NONE
122.304,3,-0.798,0.101,-0.271,0.527,7579,NONE
122.3466,3,-0.797,0.109,-0.268,0.528,6568,NONE
122.368,3,-0.797,0.112,-0.266,0.529,418,NONE
122.4107,3,-0.796,0.124,-0.261,0.532,40234,NONE
122.624,4,-0.783,0.19,-0.213,0.551,209741,START
122.6666,4,-0.784,0.189,-0.209,0.551,3704,HOLD
122.7093,4,-0.787,0.178,-0.213,0.549,1968,HOLD
122.752,4,-0.788,0.177,-0.214,0.549,2453,END
122.7733,4,-0.786,0.175,-0.216,0.55,777,NONE
122.816,4,-0.786,0.171,-0.22,0.549,6913,NONE
122.8587,4,-0.787,0.186,-0.222,0.549,4578,NONE
122.9013,4,-0.787,0.173,-0.221,0.549,8919,NONE
122.944,4,-0.788,0.172,-0.222,0.546,15491,NONE
122.9866,4,-0.791,0.157,-0.232,0.543,141,NONE
123.136,3,-0.796,0.137,-0.246,0.534,51714,NONE
123.1787,3,-0.796,0.136,-0.246,0.534,228393,START
123.2213,3,-0.797,0.134,-0.246,0.534,83435,HOLD
123.264,3,-0.8,0.124,-0.249,0.531,2415,HOLD
123.2853,3,-0.8,0.121,-0.249,0.53,2647,END
123.328,3,-0.799,0.12,-0.252,0.531,38037,NONE
123.3707,3,-0.798,0.12,-0.253,0.532,49259,NONE
123.4133,3,-0.799,0.116,-0.256,0.53,13651,NONE
123.456,3,-0.8,0.111,-0.26,0.527,11918,NONE
123.4987,3,-0.803,0.098,-0.268,0.521,6178,NONE
123.5413,3,-0.807,0.064,-0.284,0.511,38354,NONE
123.6693,2,-0.81,0.017,-0.317,0.492,246030,HOLD
123.712,2,-0.809,0.019,-0.316,0.493,5665,HOLD
123.7546,2,-0.809,0.02,-0.314,0.495,14791,HOLD
123.7973,2,-0.809,0.023,-0.309,0.497,5555,HOLD
123.84,2,-0.81,0.023,-0.309,0.497,3683,END
123.8827,2,-0.809,0.018,-0.313,0.496,30583,NONE
123.9253,2,-0.809,0.017,-0.315,0.495,64527,NONE
123.968,2,-0.809,0.015,-0.318,0.493,40061,NONE
124.0107,2,-0.809,0.004,-0.325,0.487,20975,NONE
124.0533,2,-0.81,-0.015,-0.337,0.477,30540,NONE
124.2453,1,-0.807,-0.077,-0.371,0.451,5614,NONE
124.288,1,-0.807,-0.074,-0.369,0.468,169821,NONE
124.3307,1,-0.808,-0.069,-0.365,0.455,27630,NONE
124.3733,1,-0.808,-0.065,-0.363,0.456,6812,NONE
124.416,1,-0.808,-0.067,-0.367,0.453,10099,NONE
124.4587,1,-0.807,-0.069,-0.368,0.453,16059,NONE
124.5013,1,-0.807,-0.064,-0.365,0.457,30514,NONE
124.544,1,-0.807,-0.063,-0.366,0.457,5526,NONE
124.5653,1,-0.807,-0.066,-0.37,0.453,23826,NONE
125.9947,1,-0.813,-0.012,-0.334,0.474,7593,NONE
126.0373,1,-0.813,-0.013,-0.335,0.474,124593,NONE
126.08,1,-0.813,-0.012,-0.334,0.474,304627,START
126.1227,1,-0.813,-0.015,-0.334,0.476,11505,HOLD
126.144,1,-0.812,-0.023,-0.338,0.473,58862,HOLD
126.208,1,-0.813,-0.036,-0.345,0.47,26633,HOLD
126.2293,1,-0.813,-0.038,-0.347,0.465,16978,END
126.2933,1,-0.81,-0.044,-0.35,0.466,21789,NONE
126.3147,1,-0.81,-0.044,-0.35,0.467,3646,NONE
126.3787,1,-0.81,-0.041,-0.352,0.466,47800,NONE
126.4,1,-0.81,-0.036,-0.35,0.467,2261,NONE
126.4426,1,-0.811,-0.02,-0.343,0.471,4336,NONE
126.5707,2,-0.811,-0.001,-0.335,0.478,253516,START
126.6133,2,-0.811,0.001,-0.335,0.478,4173,HOLD
126.6347,2,-0.811,0.006,-0.33,0.481,50788,HOLD
126.6773,2,-0.811,0.004,-0.33,0.482,8288,HOLD
126.72,2,-0.812,0,-0.334,0.477,3110,END
126.7626,2,-0.811,-0.002,-0.335,0.478,5095,NONE
126.8053,2,-0.81,-0.003,-0.336,0.478,9446,NONE
126.848,2,-0.81,-0.002,-0.337,0.479,36729,NONE
126.8907,2,-0.81,-0.002,-0.337,0.478,32253,NONE
126.9333,2,-0.811,0,-0.336,0.478,3247,NONE
126.9547,2,-0.811,0,-0.335,0.479,605,NONE
126.9973,2,-0.811,0,-0.335,0.478,8360,NONE
127.1253,2,-0.81,0.002,-0.335,0.479,27371,NONE
127.1893,2,-0.81,0.003,-0.334,0.481,127573,NONE
127.232,2,-0.81,0.005,-0.332,0.482,5680,NONE
127.2533,2,-0.81,0.008,-0.326,0.486,30868,NONE
127.296,2,-0.81,0.007,-0.325,0.486,21347,NONE
127.3387,2,-0.812,0.005,-0.327,0.482,7989,NONE
127.3813,2,-0.81,0,-0.332,0.482,21355,NONE
127.424,2,-0.81,-0.002,-0.332,0.482,8998,NONE
127.4453,2,-0.81,-0.001,-0.332,0.482,3297,NONE
127.7227,2,-0.809,0,-0.334,0.481,49923,NONE
127.7653,2,-0.809,0.002,-0.333,0.483,10189,NONE
127.808,2,-0.809,0.004,-0.331,0.485,5539,NONE
127.8507,2,-0.809,0.009,-0.325,0.487,101211,NONE
127.8933,2,-0.81,0.009,-0.323,0.489,1337,HOLD
127.936,2,-0.81,0.01,-0.323,0.487,10309,HOLD
127.9787,2,-0.807,0.026,-0.313,0.498,15204,NONE
128.0213,2,-0.806,0.042,-0.305,0.503,1278,NONE
128.064,2,-0.805,0.053,-0.299,0.506,3105,NONE
128.0853,2,-0.805,0.064,-0.294,0.509,10267,NONE
128.128,2,-0.804,0.076,-0.288,0.513,2751,NONE
128.1707,2,-0.803,0.091,-0.279,0.516,17872,NONE
128.2133,2,-0.803,0.098,-0.276,0.518,23055,NONE
128.2346,3,-0.803,0.103,-0.271,0.52,61171,NONE
128.2773,3,-0.803,0.103,-0.271,0.519,49289,NONE
128.32,3,-0.803,0.103,-0.27,0.52,50969,HOLD
128.3627,3,-0.803,0.103,-0.268,0.521,144823,HOLD
128.384,3,-0.805,0.092,-0.27,0.519,10890,HOLD
128.4267,3,-0.804,0.092,-0.273,0.518,22351,END
128.4693,3,-0.803,0.09,-0.273,0.52,682,NONE
128.512,3,-0.803,0.083,-0.277,0.519,16069,NONE
128.5333,3,-0.802,0.084,-0.28,0.519,4583,NONE
128.576,3,-0.802,0.083,-0.284,0.518,2207,NONE
128.64,3,-0.803,0.082,-0.285,0.516,6282,NONE
129.408,1,-0.802,-0.089,-0.382,0.448,23598,NONE
129.4507,1,-0.802,-0.086,-0.38,0.451,10810,NONE
129.4933,1,-0.804,-0.077,-0.372,0.454,38458,NONE
129.5146,1,-0.805,-0.073,-0.367,0.458,277,NONE
129.5573,1,-0.806,-0.07,-0.365,0.459,18460,NONE
129.6,1,-0.805,-0.075,-0.369,0.456,3139,NONE
129.6427,1,-0.805,-0.073,-0.369,0.457,501,NONE
129.6853,1,-0.804,-0.069,-0.368,0.46,1127,NONE
129.7066,1,-0.804,-0.069,-0.368,0.46,1361,NONE
129.7493,1,-0.804,-0.068,-0.368,0.46,15601,NONE
130.56,3,-0.802,0.1,-0.264,0.525,144561,START
130.6026,3,-0.802,0.099,-0.264,0.525,71920,HOLD
130.6453,3,-0.804,0.091,-0.266,0.522,166438,HOLD
130.688,3,-0.805,0.087,-0.267,0.52,15784,HOLD
130.7307,3,-0.805,0.091,-0.267,0.52,530,NONE
130.7733,3,-0.803,0.095,-0.264,0.524,1518,NONE
130.816,3,-0.804,0.089,-0.269,0.522,13,NONE
130.8587,3,-0.803,0.091,-0.27,0.522,24343,NONE
130.9013,3,-0.803,0.092,-0.269,0.522,16722,NONE
130.944,3,-0.804,0.095,-0.267,0.522,186,NONE
130.9866,3,-0.804,0.094,-0.268,0.521,45646,NONE
131.6693,1,-0.806,-0.053,-0.356,0.468,38980,NONE
131.712,1,-0.807,-0.05,-0.353,0.469,3697,HOLD
131.7547,1,-0.808,-0.048,-0.35,0.47,107001,HOLD
131.7973,1,-0.809,-0.047,-0.348,0.47,27360,HOLD
131.84,1,-0.81,-0.051,-0.354,0.464,4074,HOLD
131.8613,1,-0.809,-0.054,-0.354,0.464,9818,HOLD
131.904,1,-0.807,-0.054,-0.355,0.467,6748,NONE
131.9466,1,-0.806,-0.052,-0.357,0.468,10839,NONE
131.9893,1,-0.806,-0.054,-0.359,0.466,14253,NONE
132.032,1,-0.806,-0.054,-0.36,0.464,13342,NONE
132.0533,1,-0.807,-0.056,-0.361,0.463,85885,NONE
132.8,4,-0.781,0.199,-0.202,0.554,66337,NONE
132.8427,4,-0.782,0.197,-0.202,0.554,115091,NONE
132.864,4,-0.783,0.193,-0.203,0.553,100348,HOLD
132.9066,4,-0.787,0.179,-0.209,0.55,35445,HOLD
132.9707,4,-0.79,0.17,-0.213,0.548,2090,HOLD
133.0133,4,-0.791,0.17,-0.214,0.548,20418,END
133.0347,4,-0.785,0.178,-0.214,0.552,7220,NONE
133.0773,4,-0.786,0.169,-0.222,0.55,23947,NONE
133.12,4,-0.785,0.176,-0.22,0.55,25174,NONE
133.1627,4,-0.785,0.179,-0.22,0.55,17374,NONE
133.2053,4,-0.786,0.178,-0.22,0.548,5739,NONE
133.248,4,-0.787,0.177,-0.221,0.547,8109,NONE
135.104,4,-0.777,0.223,-0.188,0.557,5492,NONE
135.1466,4,-0.777,0.221,-0.188,0.557,85339,NONE
135.1893,4,-0.777,0.22,-0.188,0.557,115392,NONE
135.232,4,-0.778,0.217,-0.187,0.557,24894,NONE
135.2533,4,-0.783,0.206,-0.192,0.553,260968,START
135.296,4,-0.784,0.199,-0.194,0.552,2072,HOLD
135.36,4,-0.786,0.195,-0.198,0.551,13845,HOLD
135.4026,4,-0.784,0.194,-0.2,0.552,27467,NONE
135.4453,4,-0.785,0.191,-0.205,0.551,76863,NONE
135.488,4,-0.785,0.191,-0.207,0.55,55217,NONE
135.5307,4,-0.785,0.195,-0.205,0.549,1609,NONE
135.5733,4,-0.786,0.194,-0.206,0.548,4197,NONE
135.5947,4,-0.787,0.191,-0.209,0.547,2823,NONE
137.3013,2,-0.806,0.03,-0.312,0.501,10250,NONE
137.344,2,-0.806,0.03,-0.311,0.502,89957,NONE
137.3866,2,-0.806,0.029,-0.309,0.502,190020,START
137.472,2,-0.808,0.02,-0.31,0.484,22056,HOLD
137.4933,2,-0.809,0.018,-0.311,0.496,8434,HOLD
137.5146,2,-0.809,0.018,-0.311,0.496,46766,HOLD
137.5573,2,-0.807,0.016,-0.311,0.499,0,HOLD
137.6,2,-0.807,0.013,-0.314,0.499,13704,NONE
137.664,2,-0.806,0.015,-0.314,0.5,1851,NONE
137.6853,2,-0.807,0.015,-0.311,0.5,7541,NONE
137.728,2,-0.808,0.017,-0.308,0.501,2413,NONE
137.7707,2,-0.808,0.017,-0.307,0.501,576,NONE
